symbol,barchart_wa,fitted_wa,codex_wa,bars
SNDK,1349.57,1258.7353892630254,477.2185584060686,274
BWET,1189.79,1027.2808803116113,319.40153935854636,274
ERAS,1122.83,891.3707678176902,317.21728955009695,274
MULL,645.45,730.138677602533,444.95521838628804,274
MUU,640.72,741.6282222727802,445.32369523028325,274
CHRN,465.07,272.14506346189535,217.39073082009472,274
MU,437.42,395.8989217140379,253.2127818785996,274
WDC,405.69,337.5772222464562,259.0687627281579,274
RLAY,398.33,326.4433943050615,206.7691592696531,274
SYRE,391.45,357.5364480694019,195.78256808839453,274
ORKA,390.93,363.0513143566284,211.4727260835168,274
ATEX,373.15,300.4877270431914,133.06412430568724,274
AXTI,370.38,286.65157073546027,499.6750108711299,274
STX,337.42,286.6961096538485,201.08544594661026,274
LITE,327.46,260.3425742646391,293.9684108847934,274
DWSN,323.91,322.5136939162271,142.85519518598414,274
KORU,310.84,338.0118886357747,271.8475482948024,274
SLGL,309.51,266.28922163011214,353.05054249178534,274
TXG,303.05,222.37718328320682,112.72050117359412,274
RVMDW,291.05,,412.45591717269275,274
LQDA,288.23,283.3163117722549,183.7089331080364,274
NESR,287.63,215.65255189526818,214.0540416372715,274
DNTH,279.86,273.70327146807824,213.2112674207717,274
ASX,277.91,207.7921299297227,156.00733611245067,274
NBTX,270.21,272.29556387310083,299.5038631120123,274
CLYM,264.34,379.7601014338728,253.37906426043588,274
VSXY,262.42,189.8787303537743,183.51710651006547,274
SLS,262.3,389.022802585697,202.0448456591061,274
TSEM,260.91,250.6874892829753,220.24366324051442,274
MAAS,260.17,240.1434210425618,143.3377233727075,274
DRTSW,246.82,418.48764870314346,276.4836341586827,274
CIEN,242.89,215.03139665450544,239.55696078494114,274
STRO,239.01,113.95758290852808,167.49241179838774,274
UMC,238.41,167.83596606867908,99.49199292654467,274
DFTX,235.78,242.19961240534505,142.53774845487607,274
ANRO,234.38,247.91612109426504,330.74202317014465,274
BTSG,233.82,204.60357106713323,148.55746920195315,274
NWPX,232.17,192.75294550408938,125.44457379680534,274
ICHR,230.47,257.4508981570525,192.57560937269994,274
BE,230.19,219.37340465839284,342.3328605900689,274
ENLT,227.59,194.8096493321299,176.90838148061823,274
INTC,227.31,214.34692608364318,202.16058562760745,274
BTSGU,222.43,175.58371786059507,114.33083652353915,274
PRLD,220.49,,228.18846514824847,274
ENGS,212.71,,199.83753630375517,274
FTRE,212.1,137.76241695981838,191.13651264136823,274
NCEW,208.76,,613.6494301303967,274
AEHR,205.68,171.99741325167483,182.56751772022548,274
MKSI,204.16,173.18483057711254,168.70548208591745,274
BUUU,204.11,,,0
UCTT,204.02,201.56667748593736,160.54835923181355,274
LABU,203.77,220.73533357976282,184.71709074743302,274
AIP,203.39,170.68523409582897,153.48347897498203,274
VPG,203.29,192.30491613517881,138.2047546294922,274
STTK,201.77,327.0816635868659,319.9697551825339,274
PILL,200.27,184.49001471554965,148.37981014193332,274
LRCU,199.37,,,0
SIF,199.03,197.61754806997396,167.8801646435045,274
TWST,198.93,163.57498199801609,123.8904132211669,274
DRTS,196.96,223.28390276117426,155.06653760791258,274
BIOA,196.93,203.1819465650954,228.15415075973547,274
ASMG,196.32,172.5863646318216,200.72863024707894,274
SOXL,194.2,271.28112166435824,213.01215092856415,274
LRCX,194.03,164.42300791399433,156.3405947576151,274
SIMO,193.44,154.71062395085835,127.79878089619213,274
AMAT,191.98,157.06322592262356,144.34987459477964,274
VSTS,191.29,171.62268423980427,128.16905670261846,274
VICR,189.26,219.0512631569682,233.5310526801416,274
MRVI,187.91,173.85318014573022,114.70659737517221,274
AMD,187.5,172.59691823559757,112.24560784604127,274
AXGN,187.18,144.5237936296025,185.62744304950468,274
ACMR,187.04,150.05598110269992,147.6254217894815,274
TOP,186.98,69.473898710669,115.53757691889854,274
AMDL,185.95,210.51819268145928,177.3318703373767,274
IAU.W,184.54,,,0
BAND,182.49,263.06239155476766,111.51566354804334,274
MVLL,181.04,139.91296371388432,196.42899891878722,274
ARWR,178.62,180.8171805972436,260.06682265473466,274
RVMD,177.78,233.03367351168495,194.77642776587015,274
DSGN,176.71,114.76114765460265,180.83056307918562,274
ROIV,175.64,147.86129690179155,145.55128993237537,274
CDNA,174.86,149.63365481040694,96.24845265898874,274
GH,171.1,166.39726595337194,165.35906332372969,274
ALMS,171.08,286.89252034215434,287.173079157339,274
FOCL,170.01,166.17705247012557,191.90346259204506,274
ELOX,169.71,,,0
DELL,168.78,159.81039679023695,96.46976562233449,274
CLMT,168.68,162.71569875461654,127.66341686145549,274
RLMD,168.61,137.78869559466992,387.07120165005773,274
VIAV,168.53,166.21620367985403,191.63855623029627,274
LASR,168.2,138.63439087067377,181.67232174816263,274
HUT,166.65,166.86274515755244,214.1517220349479,274
PBF,165.83,141.0215403323208,101.89174397990308,274
PENG,165.77,128.436628102048,110.03317045895662,274
WYY,165.03,147.23569245657094,167.37825239724253,274
NGL,164.4,169.81364975907292,193.792679583268,274
DK,164.3,133.1101330840907,124.66064195837451,274
GRAL,164.16,,141.38498786052517,274
KLIC,163.84,139.79405775735526,134.57402393373755,274
DHC,163.81,134.01942552753997,122.71529247676638,274
SPHR,163.17,161.83455566160248,182.71201983256432,274
VSAT,162.88,183.37278380886673,228.14346984970592,274
GREEL,162.28,110.70154205729187,143.8968047079161,274
TVTX,161.48,153.42896194027645,155.60459759639502,274
EVC,161.28,155.11375321187612,135.25663153998553,274
MTRN,161.1,150.38703920063037,103.4787869308613,274
FIX,160.97,146.2066891995328,167.4672353067084,274
PVLA,160.93,208.91992562399838,222.36814509277036,274
TER,160.73,155.18839237728227,197.51170858083614,274
APGE,160.48,160.5345002641326,141.75452169911128,274
ASYS,160.42,151.51576654942812,204.35255884686896,274
URGN,159.65,148.70993877944747,78.94510807850001,274
EFXT,158.76,137.86305148148915,161.33832321060143,274
ETON,158.1,165.8236567776884,82.92007056995074,274
LFST,157.98,138.5177575909118,117.13393649625236,274
ALAB,157.63,126.89084235981112,129.49270293420884,274
COHU,157.61,143.84897582108306,115.90873108434624,274
IMMX,157.29,183.01702275706643,216.78476574431653,274
AMUU,156.18,173.22796603321748,160.51628004997013,274
AMDG,155.33,171.2295253649084,162.74674598510373,274
WHLRP,153.87,119.93828262433838,90.74803658023197,274
OKTG,152.96,,,0
GLW,150.63,120.80921049271339,158.31937604798208,274
FGMCR,149.32,144.93531648421876,206.40914578801772,274
CORT,149.13,,121.99575128596143,274
NRXS,148.35,102.90517304691663,142.08608781115967,274
VCYT,147.59,102.67786120170463,103.76757641555561,274
ONTO,147.35,136.24281185791338,153.07193497696062,274
PALU,147.3,172.14916402454384,149.90688882050105,274
PARR,146.43,124.93121485797958,106.24514524875994,274
ANAB,145.4,114.2086470615181,171.40489483040494,274
MBX,144.53,,211.79837227116155,274
IRWD,144.46,131.70557483959453,271.11339316739566,274
SHLS,143.72,94.22697856293972,124.42506854792627,274
TRVI,143.41,151.49011257479006,110.73515969523359,274
INNV,143.34,113.65066276670072,149.37614548572944,274
GTX,142.81,128.30474026288687,106.67548874893144,274
EWTX,142.76,125.25966788240487,142.1931489030162,274
ECPG,142.64,119.56524108645185,105.95141196780035,274
BFLY,142.6,72.47568516722241,195.60103229516687,274
PKOH,141.79,112.41879878964318,91.71485265520292,274
COHR,141.42,117.33553308571713,180.16689035178197,274
IMOS,141.3,200.5120042147195,165.12590321184487,274
POWL,141.26,147.03603640084242,159.3183056852608,274
CDNL,140.76,,,0
CNCG,140.11,,,0
MRVL,139.58,123.04947780708999,120.148012643853,274
FORM,139.56,136.84066826751894,202.019460394254,274
TIGO,138.38,128.53980422593966,98.37309369618052,274
PANG,138.1,130.47854009008392,153.38405184961675,274
CVLG,137.83,107.44231629989325,88.94113099366555,274
MEI,137.69,54.7763458350372,99.38847810018851,274
NBR,137.62,116.64181777245513,151.51965484765176,274
HPE,137.43,111.8267473790653,62.67882034979213,274
RLYB,137.17,149.07698008845304,140.26158655404097,274
ASMH,137.06,100.7755387458027,81.59353864045887,274
FBIOP,136.74,90.38354794808869,107.81305185693132,274
LIND,136.46,115.08417707219202,78.4995297236491,274
GSAT,136.01,132.576942036414,187.04856512758215,274
ACRS,135.67,131.60059916890748,147.96533655154593,274
ZBIO,135.22,,97.10716538850693,274
CHPS,135.05,128.15048854451763,106.47031293273805,274
ASML,134.85,116.21170055913804,120.54489011918028,274
KOD,134.59,114.25108933616036,314.1596346883445,274
BELFB,134.54,135.36334423367293,132.39073323444137,274
RCUS,133.74,138.5124303480509,161.34914718713097,274
NHC,133.31,121.25160297113874,93.53489197698799,274
GOOX,133.14,110.36851958249657,169.73533374902527,274
DOCN,132.23,170.99132875164278,195.896755113916,274
ECO,132.15,106.7615859796861,118.65324623982596,274
PSI,131.67,122.99026567715786,105.26763826492567,274
GLUE,131.57,149.4751721874118,249.45913125671754,274
STHH,131.02,,,0
CEPL,130.74,,,0
TYRA,130.61,122.79704252367233,176.48979960931283,274
ELA,130.08,160.9431348919267,184.24345505074265,274
FET,130.0,125.80711541661593,164.4797259368277,274
MATX,129.68,101.74953161027202,98.53493757965052,274
AIS,129.22,121.90372835352822,102.59171958021058,274
CMPR,128.15,107.45362111690093,104.33212668909628,274
AGX,127.41,86.39652081490011,145.56191309267848,274
FTXL,127.31,117.75231546340028,99.9796161803906,274
BWAY,127.02,124.29817103542031,131.58704171426663,274
ENVA,126.85,109.10944578756825,78.4169377993143,274
INTG,126.66,107.97054900271057,201.428447562173,274
PSIG,126.5,,-283.2017831404001,274
KYMR,126.48,112.73843567325508,133.48979667924698,274
GGLL,126.13,109.61403270424775,167.94251844755067,274
MOV,126.12,127.34757716774985,94.44664199428797,274
STM,125.74,96.71570035872706,112.24691681505894,274
AMRX,125.52,108.90490305664008,93.36399843903084,274
KRYS,124.63,123.7389362935458,119.11545166008449,274
NAT,124.63,104.6606327042985,100.79632033461581,274
MYE,124.61,106.55719864848227,69.57519168977002,274
RSI,124.45,101.36955327245047,80.02660510758199,274
INSW,122.89,105.84103472190628,97.19644700581166,274
AMKR,122.67,136.9955526208572,158.1090807260995,274
PHOE,122.35,48.07627888797126,155.2076490096104,274
EZPW,122.07,107.67105396887911,118.31744541716513,274
INDV,121.94,115.08367240692735,142.5428374788493,274
SION,121.77,,,0
GLBS,121.48,,,0
DLLL,121.23,,,0
WTTR,121.11,,,0
ATEN,120.99,,,0
VRTL,120.89,,,0
PTGX,120.74,,,0
CNC,120.62,,,0
TWIN,120.47,,,0
CYRX,120.31,,,0
CORZW,120.23,,,0
ELVR,119.9,,,0
HSHP,119.81,,,0
MITK,119.64,,,0
NVRI,119.54,,,0
PANW,119.34,,,0
AAMI,119.18,,,0
SMTC,118.95,,,0
KORE,117.94,,,0
ARCB,117.89,,,0
OSCR,117.69,,,0
PSNL,117.68,,,0
SEPN,117.57,,,0
SOXX,117.45,,,0
BELFA,116.99,,,0
LGND,116.88,,,0
DAVE,116.71,,,0
BBC,116.51,,,0
CGON,116.46,,,0
ATLC,116.4,,,0
VLO,116.27,,,0
PDFS,115.97,,,0
MGNX,115.47,,,0
PW-A,115.2,,,0
BCAX,115.17,,,0
CTRN,115.15,,,0
MIRM,115.01,,,0
VRT,114.85,,,0
LION,114.52,,,0
HPE-C,114.4,,,0
MTUL,114.29,,,0
GUTS,114.03,,,0
LSCC,113.75,,,0
MPLT,113.71,,,0
GHM,113.39,,,0
UNHG,113.35,,,0
TDAY,113.2,,,0
TTMI,113.11,,,0
RZLT,113.01,,,0
FTK,112.98,,,0
HUM,112.59,87.59153879169745,89.92978650757063,274
TERG,112.55,,,0
CERS,112.52,88.23250192112489,112.36964929755186,274
CLDT,112.49,99.99490267349253,55.590751621945834,274
DINO,112.36,106.28507457405016,60.442667746639486,274
AXSM,112.35,93.42524393048683,103.72877563069505,274
VECO,111.89,117.90272760767478,124.2294886085507,274
UGP,111.82,99.08105086462392,96.37687908607747,274
ELMD,111.77,111.88083053939107,84.50075786179853,274
SILC,111.39,92.53752130102771,102.46345503117304,274
LGN,111.2,,,0
GRC,111.19,96.91690553518403,91.12452492776086,274
ALOT,110.94,110.45485601801805,94.02925860203007,274
CELC,110.84,,379.09755632033864,274
DYN,110.81,92.4077353574121,127.6338092529207,274
BVS,110.55,89.75034270575985,61.876179526146956,274
KLAC,110.24,115.9230321072609,110.20765005519186,274
RXO,109.89,107.98795531915191,100.73637558791265,274
NRGU,109.61,100.96736995404862,97.0408064429481,274
EWY,109.53,105.20310496741867,109.50017491766948,274
CALY,109.48,101.65007633451383,94.6968552160663,274
CECO,109.21,115.25604152260777,138.05199309531392,274
CBL,109.03,101.72933239869707,72.41404693008498,274
ATI,109.01,100.62539240362543,115.81407902037542,274
JBHT,108.77,91.26303860914098,90.4271177594764,274
FTI,108.39,96.13106397669722,106.05851791040493,274
KRRO,108.29,,-194.25553824682785,274
SCHL,107.82,104.84542432892316,91.93814601385031,274
BLTE,107.76,93.41105606837372,155.98839493700757,274
VSH,107.71,110.92559676663322,128.86295501785338,274
SOXQ,107.53,98.07789613122998,84.56488264548292,274
MSTZ,107.37,,186.33141361539924,274
IMVT,107.14,101.72917020484701,106.53266393331411,274
OII,106.82,92.6733776521718,77.81181813752215,274
NEO,106.62,107.25157452674055,140.94445933726257,274
TTI,106.38,135.27058760261286,177.94904608526798,274
TENX,106.3,100.06620122849657,122.14391641783517,274
PTRN,106.01,,,0
BNKU,105.9,93.53899947531139,67.3333484448696,274
CMPS,105.8,85.42212653537945,122.36419875403914,274
ATRO,105.54,82.43472486655804,144.69140999667525,274
ILMN,105.14,88.90661721343017,70.25446007499883,274
SHIP,104.49,85.33331705353899,103.48992470844436,274
AAPB,104.39,105.9403880633036,94.58088288149492,274
ELVA,104.23,46.34062432369714,142.84859169703037,274
JAZZ,104.12,99.22015896635352,101.10302835652078,274
ALNT,103.66,113.77881920805045,97.3675254352882,274
DRUG,103.43,100.85337869628798,190.63524251237027,274
QTTB,103.18,85.529934741565,206.7952516670812,274
KF,103.14,103.19134739147817,103.11145518093913,274
ESTA,102.94,109.4359526721218,125.48696550964458,274
PLPC,102.9,88.97427803857718,123.32382184451292,274
CGEM,102.85,87.82102921468707,139.1230846044592,274
FLKR,102.61,100.79957976192203,103.2222459769709,274
LCUT,102.44,81.96023296488035,99.53885953152424,274
NEXA,102.35,105.40321092496316,140.5242999807829,274
KGS,102.17,89.72081817316383,88.17861992321768,274
MEC,102.09,93.2767004231601,95.89046496776828,274
CAT,101.81,97.43856715008407,100.22882309227981,274
MXL,101.81,175.10479490566124,151.7338964967049,274
WHWK,101.72,75.65904597348049,123.76336764218014,274
CTNM,101.67,113.91728538230596,170.15046508576387,274
ABSI,101.53,126.53603066772722,107.11159604885133,274
CRWD,101.13,90.83625116913976,72.25361446539691,274
ASTH,100.82,83.80219253564303,95.40290243888609,274
AAPX,100.6,105.0074258101791,94.24282302070046,274
GPRE,100.59,119.0592170411081,109.88830375956687,274
ANDE,100.52,107.12007465577436,105.15122586468222,274
TSMU,100.15,91.35466920016937,132.3146281191591,274
CPIX,99.91,70.64239538343571,138.0735265343024,274
BB,99.75,120.21168853052401,88.04888714357747,274
XMTR,99.6,97.36874113775279,127.3844030589546,274
MOG.A,99.5,98.58811967339466,84.01380322265702,274
VMD,99.48,88.4997627120573,67.90936681033095,274
FRD,99.42,83.65452136314052,69.19530429417044,274
TEN,99.32,82.23874123399328,91.52799503156389,274
SIFY,99.05,91.51136291806381,173.55452726166203,274
EMEQ,99.03,97.34252644766643,85.61425386980447,274
IRD,98.41,109.37633294395039,195.68989088019782,274
LXRX,98.34,90.29865735609725,82.75248611011722,274
CARE,98.29,89.3734442665366,54.73589305764216,274
MRNA,98.17,85.50265204775066,116.74507438652293,274
AVR,97.89,108.19398273265514,129.467169836076,274
TNA,97.71,80.86873675279335,94.84629040953723,274
NBIS,97.65,82.90771989380993,177.0076601507932,274
CMDB,97.6,84.1281097700525,108.90201515755102,274
IART,97.57,64.14070882356735,77.30083166817707,274
AP,97.55,110.82123669385999,220.0170386247623,274
TEKX,96.9,100.26888003938899,61.86385537233804,274
TWN,96.76,82.54549245623866,76.65272984197445,274
LINC,96.72,76.79977538170512,112.74154685178812,274
PRM,96.57,90.58495929648205,105.01104415120766,274
PRE,96.56,80.71894179022603,150.4461383937394,274
SEZL,96.36,78.81339830759323,105.78290222744396,274
MNPR,96.33,131.36534737980313,156.64086877828052,274
SMH,96.17,88.19939176441024,76.90089794584956,274
ENS,96.08,98.53974967464346,120.69990576418161,274
ICCC,96.06,80.20590542390437,87.67952470252602,274
UGA,95.99,93.56969725495011,57.408908125392756,274
HYMC,95.99,89.03987856232256,352.76908845424026,274
TSMX,95.92,76.39827828611244,125.73735223417009,274
PBT,95.86,105.94870350319917,96.56209680112347,274
CSTM,95.8,81.54494796193575,109.38489736010352,274
URTY,95.74,80.17892047889947,93.92994561181183,274
DTIL,95.66,67.7675635906134,94.03962882558295,274
RAPP,95.56,,145.28226383853095,274
HYLN,95.46,64.18539735138863,111.54809760942597,274
DCO,95.39,89.40613436623721,63.71045091172556,274
VBNK,95.35,82.39854906630599,79.78286479106465,274
ALKS,95.34,91.10979161568258,49.56718281725896,274
CTOS,95.3,84.79419654318647,62.58848050318539,274
HTLD,95.25,84.44839065846892,81.11810948075878,274
MKOR,95.12,90.05478519597291,93.83234545415024,274
MYRG,95.0,99.18600913319224,95.79589961273881,274
DECO,94.93,85.72710064588182,63.42696260666125,274
CHRW,94.55,94.14835724730678,103.14104499603422,274
PBYI,94.49,135.59683196341476,139.21285698902318,274
KN,94.49,87.52273563034976,81.86868069060661,274
XENE,94.39,64.1782777317804,87.25337908040754,274
PEB,94.29,91.48374313303736,63.71676679085281,274
GHRS,94.16,85.52240889944571,69.20887471621907,274
BOTJ,94.13,88.4512743707548,68.20204220236955,274
BHE,94.07,94.51487739467608,90.62538762152737,274
BIB,93.78,95.37605517277112,90.66951160346221,274
CRS,93.63,98.81279000189046,91.00681536493832,274
ALTO,93.55,209.77394533877614,209.42430982562294,274
AAPU,93.5,94.9168948192024,87.943738226129,274
SNDX,93.27,89.68020721826643,138.1310810521826,274
ROG,93.21,84.32945082933072,95.97418027765602,274
MT,93.19,88.44014116356153,100.78467523568102,274
VTRS,92.9,84.45857214315592,80.27437746884472,274
BMM,92.89,,,0
HECO,92.85,74.77392022182984,67.16442976395619,274
IRDM,92.63,59.31423917125135,107.65933229561722,274
USD,92.01,87.68559525020791,89.69024190353191,274
HNGE,91.87,91.82047554530772,96.0131490454916,274
NVT,91.76,93.32682564562654,96.01193536020654,274
ANDG,91.67,,,0
TH,91.56,79.67486784828458,103.39236074468647,274
OOMA,91.32,86.38115777303327,53.91547861296498,274
DGII,91.28,86.4716600134597,86.67819101101155,274
HCSG,90.92,83.56864915833286,82.26671587550591,274
PRAX,90.88,,339.2657874952708,274
BKD,90.87,83.1081552078376,100.00178360685995,274
MPC,90.86,88.28508594502003,56.650028441126246,274
NTRA,90.13,87.62475027466812,86.82854563690469,274
SVRA,90.12,80.93361470833261,152.12321808183515,274
MSGS,90.09,87.20259098975555,77.65009220983846,274
ODC,89.75,68.9583654245483,74.71596626274679,274
AMLX,89.71,83.2913175603516,117.37310294526071,274
TCMD,89.68,,,0
BW-A,89.68,,,0
ACHV,89.56,,,0
NOK,89.54,,,0
FRO,89.44,,,0
SHOC,89.43,,,0
SSL,89.31,,,0
LIVN,89.06,,,0
HIBL,88.93,,,0
GRDN,88.92,,,0
SMST,88.62,,,0
ABX,88.6,,,0
OPTX,88.46,,,0
KNSA,88.38,,,0
TSMG,88.3,,,0
PBRG,88.15,,,0
PNTG,87.83,,,0
HLIO,87.72,,,0
FROG,87.69,,,0
SBIO,87.64,,,0
OUT,87.05,,,0
MOG.B,86.96,,,0
CMTV,86.75,,,0
EDRY,86.72,,,0
MRX,86.64,,,0
MD,86.59,,,0
ACLS,86.27,,,0
CVE,86.02,,,0
LAR,85.7,,,0
FVR,85.67,,,0
MSBI,85.56,,,0
ATAI,85.32,,,0
TKR,85.28,,,0
TFII,85.25,,,0
TSXU,85.19,,,0
OPTXW,84.96,,,0
IMNM,84.93,,,0
GCO,84.82,,,0
SITM,84.58,,,0
QUIK,84.25,,,0
TPOR,84.18,,,0
XSD,83.94,,,0
ECG,83.73,,,0
APYX,83.66,,,0
TGB,83.5,,,0
AIVC,83.27,,,0
MSGE,83.12,,,0
POWW,83.09,,,0
PLXS,82.95,,,0
MFG,82.94,,,0
ALGT,82.94,70.19598142845392,102.35609141045121,274
TINY,82.67,76.660076820037,62.501325411018236,274
STT,82.52,76.31942935574979,42.380173792292524,274
MTZ,82.4,69.67664218524456,91.94684604865962,274
PRSU,82.3,78.82422517082574,62.742878164841485,274
AMG,82.11,79.30702908416549,63.6228677632093,274
TRVG,81.98,91.71913315474998,41.77272518577041,274
TALK,81.97,87.7040983483167,114.7073240709988,274
BWMX,81.87,69.4261063907466,103.91199176692317,274
FLTW,81.87,76.05310491820431,59.55896585378596,274
ORMP,81.79,71.85890023599322,86.57857131382676,274
TROO,81.77,105.9122260182462,223.776945496717,274
SEI,81.75,76.97799146558744,152.2414203707097,274
SXI,81.51,84.75068947795916,94.82985937447401,274
HP,81.49,89.75107017289587,135.5202256619973,274
KNX,81.39,76.5845445701762,74.04831918916771,274
AOUT,81.35,65.16043271114702,69.95902219982865,274
NE.A,81.28,,,0
ANNX,81.25,81.71694394845642,156.94681844266614,274
NUAIW,81.19,,,0
KSTR,81.12,68.43598594609641,80.63312631897993,274
VNCE,81.11,93.56477562375717,159.87498146219187,274
TACHW,81.07,53.82884952823432,65.6309101310924,274
ILPT,81.06,66.34061279921136,48.642508991223856,274
MOD,81.01,96.15341195787128,140.97918938822582,274
EC,80.96,79.77899904535792,71.74414445363463,274
IGPT,80.89,79.53483089224355,62.0573805287644,274
PACS,80.82,103.33773667578252,250.78036858946678,274
PRLB,80.8,75.39609023282316,83.55552456835478,274
NEOG,80.77,69.6558096274559,106.31595398834104,274
UFCS,80.71,83.28758947300615,74.8877314769901,274
SNEX,80.67,63.664268640535404,81.01671321351778,274
NTCT,80.49,86.52733901133273,78.17227535464929,274
NRIX,80.4,91.43115453149942,121.92886799027298,274
GEV,80.34,77.24593654713031,72.81912536919695,274
WERN,80.33,74.14704375048986,67.74399688778965,274
PACK,80.32,56.53915609087827,95.82320370319428,274
TNGX,80.26,156.86005669325004,167.31907191474374,274
IESC,80.07,82.7439511062795,90.2819550385166,274
BJRI,79.65,96.57233884645252,65.80826864087399,274
AVAH,79.63,70.6226062559693,144.10618064194236,274
MAMA,79.54,79.11517188156883,102.81737263688906,274
BTE,79.5,91.5138369995312,115.92375444503571,274
SMJF,79.33,,,0
CHEF,79.33,67.14824011268848,45.19098432304452,274
LITB,79.15,89.55282641768679,143.59397361163425,274
IPSC,79.05,114.38986878816057,207.8193642338009,274
AMCX,79.04,67.10883230104047,76.62971130151112,274
TCAI,79.03,,,0
FNRN,78.98,,,0
CEVA,78.83,66.75578685004776,87.48304180856007,274
JBIO,78.49,110.11943983263605,146.84026475704516,274
BODI,78.28,47.372437038860724,155.28958652914372,274
COMP,78.27,59.290822217793206,63.422472029233035,274
TEVA,78.18,68.12437522783502,119.6430735825047,274
SANM,78.13,87.65083335608172,105.4445472320906,274
SMFG,78.11,66.54822948455177,60.40041380393551,274
EXTR,78.09,71.75341221823938,72.30237286905584,274
FTNT,78.08,85.81297847482736,48.05310262022958,274
DAR,77.71,83.0020712875156,84.93367267249526,274
SWBI,77.56,60.76483828541874,84.8961348562305,274
PRG,77.51,61.47089749099775,47.881867921337744,274
IX,77.35,66.40655287930095,64.19834975030378,274
RELL,77.2,75.80209146200636,55.490140401449196,274
LFSC,77.16,88.10125526705846,83.37964755977463,274
NSYS,77.14,56.35959241936948,81.78715037700529,274
SOXY,77.03,79.50439755707427,63.583791576325666,274
NMM,76.98,67.91337196827078,79.49420071739326,274
KYIVW,76.87,128.93037489187319,109.39620202471762,274
FATE,76.77,109.06008989748693,84.7669845234208,274
LLYX,76.77,77.04661860729854,144.948083604692,274
CGAU,76.73,80.21196834409946,150.008531607191,274
PSMT,76.72,73.14119000076035,62.04865806198306,274
LBRX,76.69,,,0
CHPX,76.49,,,0
SENEB,76.43,44.55310419693973,51.33581030511436,274
OMCL,76.38,60.74359745037493,62.748828520977085,274
NRC,76.22,62.428320084418786,77.40914637088058,274
KEYS,76.21,76.13131725842025,87.44805607075935,274
PBI,76.08,73.09750836290799,62.05361220066522,274
ARKO,76.03,84.93075818446322,79.29340475832711,274
PL,76.0,68.41206937223252,243.5187140491385,274
FDMT,75.82,77.48321684119475,151.97628932745442,274
UNF,75.71,64.27147052968282,73.3634044355123,274
BLBD,75.7,76.1230771814555,62.65930827205488,274
KALU,75.67,74.44872386185169,105.37101114152738,274
SNX,75.67,72.09462035539366,50.880065271915434,274
STLD,75.58,82.5258753086539,83.04161255101813,274
INTT,75.51,67.8862421634619,98.25106930115766,274
HBNB,75.28,77.42825585451678,222.9476811871252,274
FLEX,74.72,81.49775305246132,92.53267673971968,274
CVS,74.68,74.6441010006596,64.70308190536969,274
VRA,74.64,46.65386117172962,92.38663232514284,274
REZI,74.6,47.16331382512092,74.69229376338255,274
CON,74.58,69.81319084669052,40.19105473993133,274
DDOG,74.53,75.37803994521653,83.25911812960975,274
EWT,74.5,67.31940926332517,51.94920480396157,274
DPST,74.44,69.01829770944052,74.4314575902736,274
CCO,74.37,82.91399180175685,136.75115165123847,274
AGCC,74.29,,,0
RGNX,74.21,59.82054369132919,112.90778237436072,274
HBM,74.2,76.7664760644484,157.39192257984556,274
STRL,74.1,76.92665432554313,121.80986216074584,274
M,74.0,80.9087654020959,100.12303344971781,274
VIK,73.86,68.85638376442806,53.441395439842765,274
FLXS,73.86,83.0933724028405,72.09432644952358,274
HFBL,73.8,61.32408851881943,53.239382901390265,274
PGC,73.7,63.1122096306462,61.85407211224644,274
PSTL,73.51,66.87743050560036,61.11561452423949,274
FLYW,73.34,62.50238619768142,57.34170683967685,274
GOOGL,73.22,72.74430538505793,95.86046482039244,274
XPRO,73.21,73.42730036561036,112.63794462816423,274
KPTI,72.88,80.43436291086228,131.7662302143934,274
TD,72.71,70.74491658946003,53.50139106466988,274
RLJ,72.64,75.02518754167525,44.681164640037565,274
CMI,72.57,73.00236360283014,90.99177567927296,274
GOOG,72.4,72.12607194316459,94.57659715307248,274
CSCL,72.38,117.94819062526405,80.83997458934478,267
RIGL,72.32,57.00263388417208,106.81252791153489,274
SRZN,72.32,82.44000497575621,170.1954561713582,274
XBI,72.26,76.62136891192367,71.0027187981215,274
VYNE,72.17,,-122.48130795597831,274
SMHX,72.14,68.68667438018318,57.79652106436135,274
LQDT,72.09,61.12512913608763,66.84559166357468,274
XHR,72.01,70.27704678210951,45.08775712390682,274
OVID,72.0,82.48535604550015,257.63913739159227,274
BHVN,71.9,63.56273528870627,82.23970741591248,274
TLPH,71.85,55.3976952109507,167.2143403338908,274
MG,71.83,72.03293616093967,110.2951295500748,274
MNST,71.8,66.4772807575076,54.12068030562234,274
CRWL,71.78,130.10834887683617,149.018444029796,274
NUE,71.73,70.34996792624236,62.09577909742847,274
HL,71.45,78.29858117005546,206.66248525486296,274
BACCR,71.37,,,0
FDX,71.35,39.90078280683463,70.03939294845755,274
KOP,71.31,69.5583608967146,52.590350081815,274
TRGP,71.24,73.03936385172351,72.31182308539876,274
ELDN,71.2,82.36438949028593,137.36860453959662,274
GKOS,71.0,65.30026368702677,77.88854767392519,274
CXW,70.92,67.42235576006024,49.27349497073513,274
CMBT,70.89,67.26486585049025,80.87872965276499,274
RPRX,70.89,68.32643823394858,47.43019812171292,274
AEIS,70.78,78.56540066795168,128.86198692802685,274
ROST,70.77,72.75566109237651,70.65208515903743,274
CVGI,70.63,104.15058859779168,127.27284191505066,274
FEIM,70.51,87.42641932419873,138.70133541087753,274
WST,70.51,63.34252270834371,54.924770449536396,274
BNY,70.32,68.47205737785201,41.86652145712691,274
LNTH,70.26,75.10715622827576,76.28074767007831,274
DAO,70.17,78.82625519374844,45.60399713680651,274
FSBC,69.94,65.39326930535488,53.61109594126585,274
UFI,69.82,56.811108363670705,61.18186556369874,274
MPTI,69.77,63.066249232898336,87.72294087030475,274
IOVA,69.52,69.34535274114016,103.82376069587468,274
ROMA,69.49,90.99951331704337,203.30175124272247,274
ARW,69.43,63.35564055963931,75.23737006657896,274
VAC,69.41,59.73982992782447,86.42859886714221,274
BWA,69.36,66.0684079806441,82.13912184826584,274
XERS,69.18,63.81142712424723,65.41852961209588,274
ARQT,69.17,70.35769736480421,99.00635033771997,274
CCSI,69.13,77.36361160546603,64.48478552578464,274
HXL,69.13,72.16528725245992,58.78395143208321,274
BDRY,69.01,71.33196134291059,74.34640958465901,274
SB,69.0,63.418886717307466,74.46141294820919,274
BAP,68.85,70.30215504037527,62.550690951226784,274
BW,68.81,78.78118978135107,434.5399026678466,274
AAOI,68.81,60.04399084587788,233.30238589969034,274
UNFI,68.76,78.47884372308243,92.23446364756161,274
ZGN,68.72,63.775492142638676,68.91497345766044,274
SENEA,68.71,67.5553399649671,50.339768906565084,274
RLGT,68.63,57.04470691950639,42.550084204122655,274
ABVX,68.53,,474.3872519065559,274
DXPE,68.53,65.68984070972809,87.82416371884709,274
ARKG,68.49,68.22776720039369,53.523150833164614,274
ROM,68.48,67.91970094589448,68.70258430968902,274
MUFG,68.47,62.20729258374724,50.29992777539195,274
CYTK,68.32,85.70723183483354,127.44851274149408,274
SND,68.23,104.36179177870706,141.98559940398115,274
STNG,68.19,66.51440538104178,84.45511980768671,274
PODC,68.07,89.18701676117344,137.73078570858908,274
ANGO,68.05,58.922757386223104,58.945014791828264,274
SNDR,67.96,65.76299687285207,63.87787928709218,274
IAUX,67.9,73.03108628710929,171.60555099250848,274
ELIL,67.85,69.49308898093759,136.32983474328398,274
LOCO,67.77,66.03882875476747,57.45574311423971,274
OPLN,67.71,61.058860792995446,46.869979195470016,274
COCO,67.7,81.5738261853058,101.47203938964398,274
PSCT,67.69,71.57330455008905,67.49812208859083,274
SSRM,67.64,61.48004847404222,148.13265966342638,274
APA,67.64,77.99690847774384,96.7955712932153,274
AIR,67.62,79.3070900171521,67.20409157601405,274
ALM,67.56,100.06241167389081,237.71180928376774,254
VLUE,67.46,68.20616176579944,58.78960185666324,274
RY,67.39,68.33366117635978,52.69825256064512,274
AMN,67.11,74.17903127606056,67.36226495003048,274
PMTRW,67.07,30.335382131374722,92.83344022086541,266
PSX,67.04,75.02738918018338,51.19733853184133,274
IWML,66.94,63.10977227493123,63.09451230901272,274
R,66.87,63.28373080609277,53.06927732218295,274
QUAD,66.79,61.65614487360657,55.98193153108083,274
SPB,66.76,67.9143621658845,61.00867958775472,274
SKYT,66.69,75.19946332923838,200.4998131135789,274
VIR,66.66,62.07092504537114,110.15980805305557,274
ESE,66.62,65.12968399848839,63.514025841960276,274
CIFR,66.5,69.29264951261557,243.7298836106409,274
AMBQ,66.45,,,0
SAA,66.39,62.70193692052505,48.786177514040475,274
LFUS,66.37,63.280610120404255,72.36696799353417,274
CM,66.26,68.9816544678763,57.45496482515977,274
OKTA,66.24,72.293684803141,74.0804029941478,274
ACA,66.17,71.64645174159102,58.49576255055352,274
BMO,66.17,65.4879748993342,47.896900966089994,274
TWLO,66.04,75.1845056509112,82.1509434691539,274
NHICW,66.0,,124.45744501612602,274
LSTR,65.91,69.04750032732842,53.52909816984697,274
AGIO,65.72,,-72.79979260876524,274
CIB,65.72,74.65073335534339,83.92996011294129,274
BFH,65.68,72.27077131871567,67.24571672573609,274
BBIO,65.65,64.60386865661806,79.84967542489856,274
PKE,65.62,73.572770986642,74.87421871375776,274
WT,65.58,60.72894954911644,68.18816396364666,274
TSM,65.5,65.67463626214926,78.40540485044141,274
BFRI,65.14,28.881113188141267,86.03309829133087,274
WULF,65.08,56.6452804414897,234.30745088225086,274
ATLO,65.07,59.41304750576196,64.1518422028035,274
ROKU,64.97,62.958668107872825,58.000358694666666,274
ON,64.9,60.50467858159617,85.17233644669021,274
FSLY,64.87,124.13587276055402,155.5826900458914,274
GEVX,64.74,98.06967222532296,126.3999805755688,256
INCY,64.69,69.20738246563667,72.60528708502962,274
PKBK,64.64,64.28923638767135,54.61705936374523,274
ADEA,64.62,58.543380180361034,112.09828440658045,274
OPY,64.61,64.98485480094303,54.91859249620907,274
SHAZ,64.6,,,0
TGTX,64.59,66.59453448223681,56.683424623625186,274
AUPH,64.42,62.125729083887265,103.50648445189066,274
NIVFW,64.36,,,0
BBVA,64.35,62.26400708469105,78.44753342529017,274
LTH,64.33,59.75367448566472,34.63874559377673,274
PLGO,64.16,66.17034526353356,56.68564928610317,274
BWFG,64.09,63.75284325028935,55.497055107641934,274
EXPD,64.08,65.33516949943791,52.53964439079445,274
DIOD,63.96,54.70434441880688,97.72635972046695,274
CLBK,63.94,67.07586719595507,46.20058199688558,274
UWM,63.93,61.47227540248132,67.63727584167863,274
CCCC,63.85,51.49424421911395,95.44212598517264,274
XMAX,63.82,62.729479644874715,256.6846763571743,274
NEWP,63.74,85.41192933320251,179.36414030872993,274
CTEF,63.61,,,0
WBI,63.61,,,0
CODI,63.55,71.97185596515008,102.14039733350843,274
PHIN,63.5,61.932395249893354,65.22721146088485,274
SLDB,63.49,53.109320313904284,103.78510230388565,274
EDC,63.45,65.61924380493228,99.85338674724726,274
KFRC,63.42,41.229326256147466,67.95420142952993,274
TRDA,63.39,,107.47979059953849,274
MTSI,63.32,77.24437921967872,122.48206883708292,274
AROW,63.26,58.0136316062225,48.50662602183283,274
STOK,63.22,71.83546505774876,172.19292860047392,274
AVBP,63.21,66.78162036722247,69.89365305642814,274
SCCO,63.13,66.12694197790722,108.96742170674499,274
OILU,63.1,69.47849363246925,98.0889560408413,274
REX,63.09,76.66147310191181,77.53775660670523,274
MAC,63.01,64.73013354051133,40.467272647830775,274
ELAN,62.99,72.98210113152686,97.23182693740279,274
GNK,62.89,57.46522638818793,62.75613735622439,274
ESCA,62.84,48.611078655428216,55.666901538181136,274
CASY,62.83,64.14905916269913,56.77635519669738,274
USEA,62.81,58.3003958668726,54.566034189704624,274
XTL,62.78,66.97383909171013,80.67559007631147,274
NUVB,62.76,87.05302670017582,157.90716786005083,274
INBX,62.73,,237.07899786452091,274
WTIU,62.71,67.83369611725922,82.40095207109319,274
VCTR,62.69,60.10921441674176,35.351241334187335,274
CHAT,62.69,64.92471992629446,64.39605873784556,274
MPWR,62.68,67.14780277589026,92.85869819239194,274
GGB,62.64,64.9833739905832,58.721330187962074,274
CROX,62.61,66.92777766256894,49.94590437932204,274
MEXX,62.56,57.19421263087591,103.75971998328839,274
BRKRP,62.54,,,0
APLM,62.51,32.73342344112158,264.56774152573286,274
HBB,62.43,46.486420679891786,61.48319066329721,274
RIG,62.34,61.749652733310576,120.18477210226311,274
BNS,62.27,64.46778064880331,52.98638427112694,274
VRNS,62.16,76.072831700116,-107.77378070208832,274
RILYZ,62.14,71.72838549810035,102.21042059273748,274
XNCR,61.95,94.1752176101897,115.02757137258361,274
RILYT,61.94,72.56139445918512,87.2150217063772,274
NETG,61.93,,,0
CX,61.88,63.12442383345481,74.15673026932781,274
CZWI,61.84,58.0820110258429,47.457477055946065,274
DVA,61.7,74.72622057293248,72.25600851897227,274
CBNA,61.61,66.72057919374166,56.916622001510255,274
AVT,61.59,63.04511708446678,70.21528904553628,274
TECL,61.54,74.16774658757083,110.83012635154243,274
SOTK,61.51,58.3034485923015,56.382839986202825,274
STK,61.5,64.19727336104525,58.803404252087965,274
TQQQ,61.46,51.351661183357486,80.28912916005592,274
BZH,61.44,40.56415514630698,53.83023953648597,274
RUSHA,61.38,52.71808236271576,58.95367747192536,274
XES,61.28,61.79242330063459,84.05159040163774,274
CSCO,61.27,70.93512969091685,48.869302036664834,274
FTW.W,61.22,,,0
BIIB,61.2,61.84132818084546,70.45969686598734,274
KNCT,61.09,76.64691789182264,53.33448257776337,274
ERX,61.01,68.13683478769438,70.98654171929289,274
HSBC,60.92,60.1005472249708,55.89163993757823,274
FSTR,60.9,82.91423743450223,65.89205518383741,274
VLY,60.9,58.82804249346022,56.74559861620251,274
LBRT,60.84,69.97713815153543,151.80319474459276,274
RRBI,60.81,59.19817174481697,59.32332104044802,274
EPU,60.8,65.3748354861117,85.22161429030628,274
IWDL,60.63,,,0
HG,60.61,64.12241642153856,58.99270443376567,274
FBIO,60.58,70.38203221962335,92.65359066869934,274
SYNA,60.54,66.80479973159572,77.28418015666237,274
TRST,60.51,60.16018306123631,57.822598526073385,274
QQQA,60.47,84.71950099657116,67.94794094475348,274
DRH,60.46,64.46127988304858,49.061559679431916,274
DIG,60.43,64.96943276913284,70.161167606646,274
CRAK,60.31,65.17058907508822,52.26133717520665,274
CLOV,60.28,65.16321724721985,99.29625929870775,274
CGNX,60.12,52.207257354085115,75.03208878419116,274
RBB,59.96,53.974329281532796,50.78559956249896,274
AMAL,59.94,57.45283433220014,70.19055947010247,274
AMWL,59.8,89.83076787679668,97.91709696500523,274
XPH,59.74,65.09179188257686,56.440814834985154,274
CORZ,59.71,48.0958419058687,78.03375112119113,274
CHMG,59.62,56.06897080177758,34.44394984769236,274
SNDA,59.5,66.9470819955327,59.86836060237003,274
AFOS,59.39,,,0
HSBH,59.37,,,0
AAPL,59.36,66.72246849896952,56.25716621390797,274
MGTX,59.36,63.72109273770071,44.88243643547912,274
FNWB,59.35,65.20083209763686,59.03399687950003,274
IFS,59.3,65.32559183560197,49.71728088878122,274
ETSY,59.28,57.50606472087947,64.92872117908979,274
BWLP,59.18,61.89280257425696,60.52903874808461,274
ALRS,59.15,59.339813937344275,37.25106940784015,274
NPO,59.02,59.98154250543441,49.72137612004007,274
CSD,59.02,63.086298066257676,55.51184021139592,274
DNLI,59.0,68.04289522916112,76.43823797021601,274
RAL,58.98,94.00649291236051,52.2635778468695,264
BORR,58.97,65.4290061354711,163.01828771810932,274
VTVT,58.91,62.21744341780049,143.4974723034869,274
AGL,58.86,,264.2739001248932,274
FCFS,58.79,61.35284807429229,82.02874978073834,274
SFST,58.77,56.53655554717417,55.20099000685731,274
DAL,58.65,58.16576894252053,57.24066710688892,274
NATL,58.56,64.28977385591539,86.4559681834047,274
TILE,58.5,54.42772743695295,68.13949891526056,274
IBRN,58.26,53.00821079669861,65.8769275763318,274
MAKO,58.25,,,0
AVAL,58.23,62.683876937339654,80.65375422454433,274
BPOP,58.18,55.53012771291644,42.4495740799696,274
GNOM,58.16,63.544738419945666,54.53107411381586,274
DHT,58.1,56.35060913381382,67.2068735084527,274
CORZZ,58.05,45.61559191119566,71.02010222506735,274
TRMD,57.85,57.80102969938353,71.95399527824723,274
BLZE,57.85,83.39522566090395,127.28405825198563,274
PXJ,57.83,63.940052871640724,72.86277610748891,274
CENX,57.62,67.05427436642297,144.5279944290173,274
ODFL,57.49,55.97774074185084,70.61295302051882,274
FRAF,57.46,58.03559819312778,57.28450685663849,274
IDYA,57.44,57.22715599053599,70.27494710480067,274
AVNS,57.41,65.48484828740739,90.54065597649632,274
WTAI,57.37,62.45188722989219,55.062265204951046,274
KVHI,57.37,59.53841352187595,65.84361143415215,274
CFG,57.27,55.59758385910603,47.5894706070521,274
DIN,57.17,56.62449900162082,72.820098347795,274
HUBG,57.14,63.86587481243697,39.43586870548999,274
MTA,57.14,69.97021425028541,112.14511962513657,274
CNXT,57.04,59.08802286160666,83.25332941572282,274
KRT,56.99,60.32198539048557,44.75155250894207,274
SAN,56.92,59.28167123586613,62.38062496186749,274
MGRT,56.87,,381.80967488812996,253
SAH,56.85,46.368426787124626,40.79259801337376,274
GS,56.84,54.61345856760218,46.30929061952892,274
IBAT,56.8,63.11154570046923,80.25919590965246,274
PSIL,56.79,61.88390389114444,36.756825746015224,274
KRNY,56.78,56.49229067697005,50.51613451247003,274
VMI,56.71,59.01290027238186,57.431942487909396,274
TALO,56.65,75.41558503805794,89.66838962690996,274
MLTX,56.62,,-219.4842019260228,274
CARZ,56.56,64.47517860509818,64.22634344987915,274
SHOO,56.51,64.85091901328396,93.41434357506664,274
MRK,56.5,57.34392742268547,61.90758269777652,274
MRCY,56.49,73.09610683491381,96.40945266433282,274
GL,56.47,58.79123696335726,38.94778864499172,274
AIFD,56.47,68.07158346510806,53.58977118534003,274
MS,56.42,58.777885325372544,48.66168298890782,274
ADI,56.28,57.29538247091065,69.62366717896383,274
IRMD,56.23,57.99659840489233,91.42196816783498,274
PTEN,56.21,68.53901246574112,87.97339348581029,274
STGW,56.1,56.48355940971854,57.31658396647392,274
ORN,55.92,49.61521742981065,107.25390801253572,274
CPRX,55.89,56.39873874245568,51.62249001185828,271
XOMA,55.87,54.43520797385235,73.54625580425821,270
NTRS,55.86,54.80484334148261,35.671373757331935,274
AIA,55.85,59.189423668272184,59.71185851780507,274
ALXO,55.49,62.0216057984614,242.5241992199536,274
CSX,55.43,58.4669033988589,43.595438406610484,274
MSM,55.42,56.36175396261447,32.52378681670856,274
ARTY,55.42,59.57865613876544,53.58333013914116,274
BBP,55.39,66.11861522049675,58.95189089581668,274
NPCE,55.33,50.29144045120599,104.5378613522307,274
KFFB,55.24,59.39068391745993,66.4456035779984,274
GIII,55.19,58.03822608367923,48.05281839291325,274
SOPH,55.15,61.50778653722707,86.6425908657557,274
UNH,55.13,58.01102061130857,68.49130336445056,274
LODE,55.09,28.150566107451404,80.15047484588926,274
WSR,55.05,54.13711158531379,57.29566985882379,270
AROC,55.03,60.882861977278154,65.43810241914123,274
TMSWW,55.02,58.99917653774308,149.52580253115576,272
PLBC,55.02,53.31646153602014,37.69358926178742,274
WTI,54.98,71.25952890384035,104.44590959110923,274
SUNC,54.96,,,0
FFBC,54.93,54.817248896253936,36.83710774418931,274
PCB,54.91,54.79102195572269,31.248395015198476,274
MRTN,54.8,53.619925691463095,67.56041443150312,274
MCY,54.73,57.02906518741938,57.597562407024064,274
CVEO,54.72,59.45126597189252,60.18879691481125,274
NMR,54.72,50.953883535608355,46.84511706288199,274
CRL,54.66,54.45608361242964,42.20040272796267,274
THNQ,54.62,54.1699857291438,44.01811056206763,274
FBT,54.57,58.779878241227124,49.34338400172663,274
UCYB,54.56,49.71451402522393,73.46101904315577,274
FRDM,54.55,58.80181310298689,65.38767422286053,274
FA,54.52,56.531195322493524,93.3060784124396,274
PTCT,54.39,62.75874844625771,93.8533403262882,274
TOI,54.37,59.34139009271421,88.7929069411026,274
ADM,54.32,61.04170185163948,45.303601238304545,274
UCO,54.2,79.53053196570998,93.60547791171946,274
RUSHB,54.15,48.54696660003754,50.370107498687375,274
PWR,54.06,59.16914388494821,69.2849893989637,274
MUSA,54.01,61.57490879921566,47.16546937234962,274
PLMKW,53.96,51.754977537521924,100.60681909441249,274
WBD,53.81,88.01234013128078,158.78062668275192,274
GTEK,53.75,55.258821826204894,48.3247573097396,274
WELL,53.74,59.455659693005764,43.04557110634219,274
MDGL,53.66,61.25930564770896,101.65569441591522,274
SCDL,53.62,,,0
SVCO,53.55,29.46787103053637,132.17988967365363,274
DHX,53.55,54.30583399931021,108.33713080082603,274
XHS,53.54,51.94996431014258,33.78702033702625,274
RELY,53.5,59.056482517629945,68.69459830141383,274
AMDW,53.49,,,0
CCNE,53.45,51.60759878759358,51.9227635284439,274
TCBK,53.44,51.082366740163565,36.222541953779356,274
NGS,53.33,54.90713915858036,79.8841015924167,274
EE,53.29,60.572498094651955,62.83439337373095,274
NSA,53.25,39.21965814531683,50.4557950065766,274
JLHL,53.15,,158.9367324156738,266
UBS,52.95,51.00642917644319,33.89014865068368,274
UVSP,52.95,53.92149163137267,42.259994122817005,274
LLY,52.88,58.49132736065001,86.68072461446403,274
COGT,52.74,,193.11518884263342,274
TBBB,52.73,58.35541765680354,65.17137931043283,274
CAKE,52.66,60.122313797833534,65.80967191326485,274
ELVN,52.6,93.29745413344196,128.1773152631745,274
FISI,52.58,54.29370731286591,51.51407082307743,274
MIDU,52.58,52.814298581465316,53.625938369441414,274
MYFW,52.57,53.65795792774735,44.76617179031489,274
RYAM,52.53,39.1555346057348,148.5090625832688,274
WCC,52.49,56.79970196361047,63.296852521808155,274
MBIN,52.49,52.05291271966608,61.30241434677743,274
BVN,52.48,60.74927247584733,108.0717360481902,274
ICLR,52.44,67.65804088032479,121.0201698056775,274
GOLF,52.43,58.09419197678337,39.89333977584831,274
EIX,52.39,56.06912768433835,47.313149453991734,274
UMDD,52.37,49.344741498890734,52.97403843202603,274
SPXL,52.35,46.30829995261716,56.69945825999323,274
TACT,52.34,42.86318860202349,57.402631211331666,274
STRZ,52.33,82.33913224082143,109.43351173502647,274
IPOS,52.25,56.66841122963232,56.32833225930036,274
NFXS,52.21,70.3083406507027,47.23662139108198,274
TE,52.2,47.775258223340046,291.9174665463677,274
NPKI,52.19,61.78819526464834,91.12337997270873,274
PHVS,52.19,62.42180784889668,63.18300895047874,274
GEO,52.12,46.83397560940698,76.51343190414399,274
BBCP,52.1,53.43905105300987,52.24900859925108,274
SVIX,52.1,40.42387558844923,71.82966383967909,274
PII,52.05,44.50711731877692,57.715263841892714,274
PTH,52.03,64.69553258679262,54.16153753073188,274
KB,52.0,52.08308265434387,42.19077391936618,274
MGA,51.99,56.503375534263334,59.94589865058204,274
OMDA,51.96,53.13712723545926,89.53430349612933,274
ESLT,51.92,47.79090676768222,83.4530151360711,274
BHP,51.92,55.63197583026781,60.037701193086015,274
HAL,51.91,53.76596059625399,86.32733102708023,274
BLFS,51.89,45.7802138616415,55.575557524495736,274
SVM,51.85,64.71344915714918,147.8628301657042,274
NTAP,51.81,61.72726393415155,44.215252041394706,274
TNK,51.75,54.47526917959412,81.35137844250691,274
PGNY,51.73,58.67655288149444,65.26972882134089,274
KOLD,51.72,37.705920308104545,136.01626233856106,274
WKC,51.67,50.695017172890715,32.254798142312616,274
ANIK,51.64,58.96454994205412,74.20717124313664,274
EMDM,51.61,66.81262042679049,57.917576195711064,274
USIO,51.47,39.56922488813799,60.43957147149038,274
RCKY,51.45,,,0
UPRO,51.43,,,0
SBFG,51.36,,,0
MOH,51.32,,,0
VOYA,51.31,,,0
IVZ,51.27,,,0
QQQS,51.26,,,0
FCAP,51.23,,,0
NGVT,51.16,,,0
GCBC,51.11,,,0
HZO,51.1,,,0
BCS,51.08,,,0
CMP,51.08,,,0
SU,51.07,,,0
PDLB,51.05,,,0
HROW,51.01,,,0
CEL-,51.01,,,0
GOLD,50.95,,,0
NRXP,50.89,,,0
IDNA,50.78,,,0
CBK,50.72,,,0
NXT,50.71,,,0
RDVT,50.7,,,0
CRNX,50.68,,,0
CANC,50.66,,,0
NET,50.65,,,0
IAG,50.61,,,0
SHC,50.48,,,0
VVX,50.46,,,0
UDOW,50.39,,,0
LPG,50.38,,,0
SN,50.32,,,0
CRDO,50.29,,,0
INVX,50.27,,,0
DLX,50.24,,,0
TRFK,50.21,,,0
UTHR,50.2,,,0
COKE,50.07,,,0
IBKR,50.07,,,0
YETI,50.06,,,0
TSHA,50.05,,,0
SBU,50.04,,,0
TMP,49.98,,,0
ASND,49.88,,,0
SHBI,49.82,,,0
FYC,49.82,,,0
OPPJ,49.78,,,0
PEBK,49.64,,,0
HLX,49.61,,,0
PLOW,49.6,,,0
