timestamp,open,high,low,close,volume
2026-05-20 13:30:00+00:00,220.49,220.67,216.89,219.285,5505
2026-05-20 13:45:00+00:00,219.72,220.53,219.69,220.08,3421
2026-05-20 14:00:00+00:00,220.04,220.78,219.895,220.78,3026
2026-05-20 14:15:00+00:00,220.9,221.5,220.36,220.52,4497
2026-05-20 14:30:00+00:00,220.79,220.99,220.48,220.99,3853
2026-05-20 14:45:00+00:00,220.98,221.34,220.96,220.96,9534
2026-05-20 15:00:00+00:00,221.13,221.52,220.82,221.4,1859
2026-05-20 15:15:00+00:00,221.6,222.3,221.6,221.665,4197
2026-05-20 15:30:00+00:00,221.79,222.41,221.79,222.41,3927
2026-05-20 15:45:00+00:00,222.45,222.515,221.84,221.99,2720
2026-05-20 16:00:00+00:00,222.06,222.475,222.06,222.475,1894
2026-05-20 16:15:00+00:00,222.78,222.78,222.18,222.18,828
2026-05-20 16:30:00+00:00,222.19,222.41,222.19,222.41,1838
2026-05-20 16:45:00+00:00,222.63,222.63,222.24,222.24,814
2026-05-20 17:00:00+00:00,222.47,222.5,222.12,222.305,1673
2026-05-20 17:15:00+00:00,222.83,222.83,222.61,222.615,1459
2026-05-20 17:30:00+00:00,222.945,223.455,222.84,223.455,2293
2026-05-20 17:45:00+00:00,223.39,223.48,223.13,223.13,3843
2026-05-20 18:00:00+00:00,223.23,223.34,222.98,223.05,2103
2026-05-20 18:15:00+00:00,223.385,223.565,223.31,223.52,1081
2026-05-20 18:30:00+00:00,223.57,223.84,223.57,223.785,1088
2026-05-20 18:45:00+00:00,223.96,223.96,223.545,223.545,3541
2026-05-20 19:00:00+00:00,223.58,224.05,223.445,223.97,2267
2026-05-20 19:15:00+00:00,223.99,224.22,223.92,224.12,3873
2026-05-20 19:30:00+00:00,224.5,224.74,224.285,224.57,6416
2026-05-20 19:45:00+00:00,224.45,224.99,223.86,224.84,37883
2026-05-21 13:30:00+00:00,232.325,235.28,231.06,233.06,102958
2026-05-21 13:45:00+00:00,232.94,238.545,232.775,237.72,79340
2026-05-21 14:00:00+00:00,237.73,239.39,236.765,239.37,42826
2026-05-21 14:15:00+00:00,239.235,241.41,238.94,240.68,57050
2026-05-21 14:30:00+00:00,240.93,243.1,240.16,242.69,88110
2026-05-21 14:45:00+00:00,242.67,242.82,241.42,242.69,25373
2026-05-21 15:00:00+00:00,242.37,242.51,240.58,241.33,36951
2026-05-21 15:15:00+00:00,241.155,243.865,241.1,241.705,33605
2026-05-21 15:30:00+00:00,241.45,243.32,241.2,243.32,17898
2026-05-21 15:45:00+00:00,242.98,244.08,242.88,243.94,16792
2026-05-21 16:00:00+00:00,243.92,244.35,243.085,243.62,32529
2026-05-21 16:15:00+00:00,243.405,243.405,240.3,240.3,14414
2026-05-21 16:30:00+00:00,240.515,241.32,240.1,241.32,8844
2026-05-21 16:45:00+00:00,241.33,242.79,241.33,242.39,8524
2026-05-21 17:00:00+00:00,242.415,243.86,242.415,243.84,18424
2026-05-21 17:15:00+00:00,243.785,245.525,243.755,245.13,30191
2026-05-21 17:30:00+00:00,245.165,245.29,244.27,245.22,11825
2026-05-21 17:45:00+00:00,245.32,247.33,245.06,247.19,33417
2026-05-21 18:00:00+00:00,247.25,249.425,247.07,249.31,27328
2026-05-21 18:15:00+00:00,249.33,251.54,248.64,251.54,34628
2026-05-21 18:30:00+00:00,251.72,252.2,248.95,250.71,38351
2026-05-21 18:45:00+00:00,250.7,251.94,249.35,250.36,26231
2026-05-21 19:00:00+00:00,250.36,251.53,249.98,250.73,26934
2026-05-21 19:15:00+00:00,250.75,251.83,249.83,250.255,22122
2026-05-21 19:30:00+00:00,250.16,252.26,249.425,252.02,46330
2026-05-21 19:45:00+00:00,251.87,253.56,251.84,253.1,263707
2026-05-22 12:00:00+00:00,259.49,259.55,259.49,259.55,240
2026-05-22 12:30:00+00:00,258.27,258.3,258.27,258.3,477
2026-05-22 12:45:00+00:00,259.61,259.61,259.16,259.16,224
2026-05-22 13:00:00+00:00,262.25,262.25,262.25,262.25,140
2026-05-22 13:15:00+00:00,264.17,264.17,264.07,264.07,335
2026-05-22 13:30:00+00:00,261.905,264.23,258.32,261.145,120365
2026-05-22 13:45:00+00:00,261.66,263.78,258.89,260.42,59447
2026-05-22 14:00:00+00:00,260.16,260.6,255.67,257.5,32305
2026-05-22 14:15:00+00:00,257.76,259.34,257.535,258.46,27558
2026-05-22 14:30:00+00:00,258.43,260.38,257.59,257.59,22921
2026-05-22 14:45:00+00:00,257.725,258.235,257.09,257.205,23995
2026-05-22 15:00:00+00:00,257.145,258.05,256.455,258.05,11992
2026-05-22 15:15:00+00:00,257.85,258.24,256.635,258.03,13381
2026-05-22 15:30:00+00:00,257.87,257.88,256.78,256.99,13901
2026-05-22 15:45:00+00:00,256.9,257.21,255.78,256.155,13285
2026-05-22 16:00:00+00:00,256.07,257.84,256.0,257.265,10445
2026-05-22 16:15:00+00:00,257.22,258.16,257.105,257.965,8893
2026-05-22 16:30:00+00:00,258.095,258.78,257.57,257.96,19713
2026-05-22 16:45:00+00:00,258.08,258.1,256.635,256.76,13640
2026-05-22 17:00:00+00:00,256.68,256.68,255.515,256.12,17504
2026-05-22 17:15:00+00:00,255.96,256.91,255.89,256.91,14238
2026-05-22 17:30:00+00:00,256.85,256.96,255.49,255.875,17286
2026-05-22 17:45:00+00:00,255.915,256.96,255.68,256.8,11931
2026-05-22 18:00:00+00:00,256.75,257.44,256.18,257.33,11739
2026-05-22 18:15:00+00:00,257.41,257.905,257.34,257.57,13810
2026-05-22 18:30:00+00:00,257.57,258.07,256.605,256.665,13711
2026-05-22 18:45:00+00:00,256.72,256.81,254.5,254.53,21276
2026-05-22 19:00:00+00:00,254.355,254.98,253.99,254.66,18619
2026-05-22 19:15:00+00:00,254.52,255.0,254.0,254.04,11182
2026-05-22 19:30:00+00:00,254.02,255.035,253.71,254.77,19208
2026-05-22 19:45:00+00:00,254.775,254.8,253.485,253.8,44678
2026-05-26 12:15:00+00:00,255.05,255.05,255.05,255.05,289
2026-05-26 13:30:00+00:00,254.04,254.04,245.525,250.23,44696
2026-05-26 13:45:00+00:00,250.435,251.555,247.93,249.36,20680
2026-05-26 14:00:00+00:00,249.4,249.95,246.84,247.495,12601
2026-05-26 14:15:00+00:00,247.7,248.0,246.135,246.495,9339
2026-05-26 14:30:00+00:00,246.69,247.945,246.52,247.945,10703
2026-05-26 14:45:00+00:00,247.765,247.87,246.555,247.09,12612
2026-05-26 15:00:00+00:00,247.22,247.96,246.735,247.96,6240
2026-05-26 15:15:00+00:00,248.49,248.97,248.2,248.97,5345
2026-05-26 15:30:00+00:00,249.01,249.69,248.7,249.69,5548
2026-05-26 15:45:00+00:00,249.92,249.95,249.105,249.105,3382
2026-05-26 16:00:00+00:00,249.91,249.91,249.36,249.79,4478
2026-05-26 16:15:00+00:00,249.71,251.06,249.71,251.02,4434
2026-05-26 16:30:00+00:00,250.96,251.36,250.8,250.84,3386
2026-05-26 16:45:00+00:00,250.76,250.79,250.45,250.455,1889
2026-05-26 17:00:00+00:00,250.81,250.95,250.67,250.94,1217
2026-05-26 17:15:00+00:00,251.11,251.28,250.0,250.37,3182
2026-05-26 17:30:00+00:00,250.15,250.15,249.68,249.72,1581
2026-05-26 17:45:00+00:00,249.88,250.01,249.865,250.01,768
2026-05-26 18:00:00+00:00,249.95,250.19,249.785,250.08,3890
2026-05-26 18:15:00+00:00,250.39,250.44,250.07,250.07,1603
2026-05-26 18:30:00+00:00,250.14,250.83,250.14,250.82,2794
2026-05-26 18:45:00+00:00,250.65,250.65,249.715,249.84,2696
2026-05-26 19:00:00+00:00,249.89,250.7,249.89,250.7,3058
2026-05-26 19:15:00+00:00,250.73,250.73,250.39,250.43,3883
2026-05-26 19:30:00+00:00,250.66,251.59,250.63,251.59,6178
2026-05-26 19:45:00+00:00,251.71,253.06,250.83,250.83,24439
2026-05-27 12:15:00+00:00,247.27,247.27,247.27,247.27,236
2026-05-27 13:30:00+00:00,251.63,254.34,251.01,253.75,30020
2026-05-27 13:45:00+00:00,253.75,255.7,252.46,255.59,27823
2026-05-27 14:00:00+00:00,255.45,257.41,255.29,256.46,18397
2026-05-27 14:15:00+00:00,256.26,257.26,254.64,254.64,11070
2026-05-27 14:30:00+00:00,254.8,255.885,254.75,255.665,9109
2026-05-27 14:45:00+00:00,255.31,256.21,255.15,255.87,7056
2026-05-27 15:00:00+00:00,256.13,256.13,254.21,254.36,17066
2026-05-27 15:15:00+00:00,254.51,255.68,254.51,254.905,7616
2026-05-27 15:30:00+00:00,255.385,256.46,255.335,255.465,2998
2026-05-27 15:45:00+00:00,255.34,255.405,254.46,254.46,2855
2026-05-27 16:00:00+00:00,255.17,255.64,255.01,255.37,3238
2026-05-27 16:15:00+00:00,255.4,256.49,255.4,256.38,3911
2026-05-27 16:30:00+00:00,256.35,256.99,256.21,256.25,19842
2026-05-27 16:45:00+00:00,256.2,256.31,255.92,255.92,3686
2026-05-27 17:00:00+00:00,256.0,256.065,255.43,255.5,3195
2026-05-27 17:15:00+00:00,255.55,255.71,255.275,255.64,2291
2026-05-27 17:30:00+00:00,255.69,255.975,255.69,255.75,2893
2026-05-27 17:45:00+00:00,255.85,256.005,255.39,255.43,2693
2026-05-27 18:00:00+00:00,255.49,255.625,255.19,255.43,2561
2026-05-27 18:15:00+00:00,255.64,255.99,255.64,255.65,1861
2026-05-27 18:30:00+00:00,255.53,256.02,255.53,255.95,3508
2026-05-27 18:45:00+00:00,255.78,256.3,255.675,255.99,5157
2026-05-27 19:00:00+00:00,255.85,256.33,255.85,256.245,2331
2026-05-27 19:15:00+00:00,256.285,256.285,255.99,256.08,5152
2026-05-27 19:30:00+00:00,256.35,257.155,256.34,257.06,6134
2026-05-27 19:45:00+00:00,257.055,257.055,255.15,255.3,38621
2026-05-28 12:00:00+00:00,259.43,259.43,259.35,259.35,200
2026-05-28 12:45:00+00:00,261.03,261.63,261.03,261.63,1223
2026-05-28 13:00:00+00:00,261.2,261.2,260.86,260.91,482
2026-05-28 13:15:00+00:00,260.89,260.89,260.89,260.89,190
2026-05-28 13:30:00+00:00,260.54,263.795,257.24,262.065,29536
2026-05-28 13:45:00+00:00,262.47,266.7,261.905,266.27,40678
2026-05-28 14:00:00+00:00,266.405,266.47,262.0,266.47,35922
2026-05-28 14:15:00+00:00,266.8,268.79,266.15,266.15,34115
2026-05-28 14:30:00+00:00,266.35,267.66,265.1,265.89,11910
2026-05-28 14:45:00+00:00,265.94,266.41,265.03,265.54,7564
2026-05-28 15:00:00+00:00,265.245,265.71,263.95,264.42,11041
2026-05-28 15:15:00+00:00,264.63,265.705,264.23,265.67,12448
2026-05-28 15:30:00+00:00,265.73,266.28,265.28,265.73,12847
2026-05-28 15:45:00+00:00,265.62,265.92,265.17,265.715,11178
2026-05-28 16:00:00+00:00,265.14,265.14,263.46,263.46,6176
2026-05-28 16:15:00+00:00,263.67,263.685,262.78,262.815,9608
2026-05-28 16:30:00+00:00,262.725,263.15,262.6,263.15,5805
2026-05-28 16:45:00+00:00,263.08,263.34,262.59,262.8,4801
2026-05-28 17:00:00+00:00,262.715,262.715,261.885,262.185,5588
2026-05-28 17:15:00+00:00,262.11,262.11,260.055,260.1,11403
2026-05-28 17:30:00+00:00,260.1,262.035,260.095,261.805,9988
2026-05-28 17:45:00+00:00,261.94,262.61,261.94,262.37,11378
2026-05-28 18:00:00+00:00,262.37,262.37,261.21,261.73,8135
2026-05-28 18:15:00+00:00,261.79,261.81,261.24,261.52,7057
2026-05-28 18:30:00+00:00,261.16,261.4,261.08,261.14,7887
2026-05-28 18:45:00+00:00,261.205,261.7,261.145,261.35,6744
2026-05-28 19:00:00+00:00,261.34,263.89,261.34,263.84,6776
2026-05-28 19:15:00+00:00,263.74,264.375,263.36,263.94,8646
2026-05-28 19:30:00+00:00,264.06,264.345,263.73,263.84,12049
2026-05-28 19:45:00+00:00,264.01,264.63,263.66,264.23,74914
2026-05-29 12:00:00+00:00,276.4,276.4,276.4,276.4,355
2026-05-29 13:30:00+00:00,277.87,279.11,273.46,278.15,40823
2026-05-29 13:45:00+00:00,277.97,285.5,277.94,285.085,58488
2026-05-29 14:00:00+00:00,285.28,287.74,283.04,286.85,89965
2026-05-29 14:15:00+00:00,286.99,289.18,285.2,288.5,74082
2026-05-29 14:30:00+00:00,288.47,292.05,285.43,285.43,61367
2026-05-29 14:45:00+00:00,285.41,289.45,283.85,288.81,32281
2026-05-29 15:00:00+00:00,289.16,291.015,288.275,290.96,17250
2026-05-29 15:15:00+00:00,291.17,291.805,289.86,291.58,33234
2026-05-29 15:30:00+00:00,291.37,293.57,291.37,292.25,24463
2026-05-29 15:45:00+00:00,292.33,292.54,290.53,291.52,17827
2026-05-29 16:00:00+00:00,291.605,291.75,288.44,288.44,14444
2026-05-29 16:15:00+00:00,288.465,288.935,287.42,288.79,6618
2026-05-29 16:30:00+00:00,288.96,290.18,288.96,289.28,11052
2026-05-29 16:45:00+00:00,289.06,289.22,287.54,287.54,11101
2026-05-29 17:00:00+00:00,287.55,288.07,287.11,287.75,8011
2026-05-29 17:15:00+00:00,289.14,291.63,289.14,291.56,11236
2026-05-29 17:30:00+00:00,291.41,291.81,290.74,290.74,5784
2026-05-29 17:45:00+00:00,290.61,290.61,289.14,289.25,7600
2026-05-29 18:00:00+00:00,289.07,290.39,288.61,290.35,6807
2026-05-29 18:15:00+00:00,290.37,291.32,290.125,291.32,18649
2026-05-29 18:30:00+00:00,291.395,293.61,291.395,293.33,14497
2026-05-29 18:45:00+00:00,292.97,294.83,292.94,294.665,14154
2026-05-29 19:00:00+00:00,294.715,296.55,294.71,296.37,43102
2026-05-29 19:15:00+00:00,296.66,299.715,296.615,299.48,43243
2026-05-29 19:30:00+00:00,299.7,300.84,299.08,300.49,45303
2026-05-29 19:45:00+00:00,300.56,300.64,295.86,297.97,83270
2026-06-01 12:00:00+00:00,332.33,332.33,326.22,328.37,1285
2026-06-01 12:15:00+00:00,326.62,326.62,325.65,325.65,311
2026-06-01 12:30:00+00:00,325.21,326.3,325.21,326.3,336
2026-06-01 12:45:00+00:00,325.74,331.23,325.74,327.94,579
2026-06-01 13:00:00+00:00,323.2,323.2,321.1,321.18,670
2026-06-01 13:15:00+00:00,320.91,321.98,320.91,321.89,792
2026-06-01 13:30:00+00:00,321.69,322.14,309.96,315.75,178504
2026-06-01 13:45:00+00:00,315.705,316.14,309.17,309.17,54039
2026-06-01 14:00:00+00:00,309.04,313.2,308.6,309.33,50530
2026-06-01 14:15:00+00:00,308.95,316.8,308.16,315.96,41144
2026-06-01 14:30:00+00:00,315.61,321.435,315.59,321.43,49958
2026-06-01 14:45:00+00:00,321.395,324.66,317.89,318.79,41669
2026-06-01 15:00:00+00:00,318.79,325.59,318.75,324.89,44570
2026-06-01 15:15:00+00:00,325.32,325.55,320.01,324.96,58485
2026-06-01 15:30:00+00:00,324.895,327.79,323.62,324.255,48192
2026-06-01 15:45:00+00:00,324.46,327.8,324.39,325.84,33961
2026-06-01 16:00:00+00:00,325.58,327.12,323.865,326.47,30667
2026-06-01 16:15:00+00:00,326.215,327.5,324.455,325.01,23189
2026-06-01 16:30:00+00:00,324.95,325.66,322.58,322.78,20550
2026-06-01 16:45:00+00:00,322.855,327.17,322.65,325.88,27877
2026-06-01 17:00:00+00:00,325.875,326.1,321.72,325.67,31541
2026-06-01 17:15:00+00:00,325.66,326.75,324.425,325.3,26484
2026-06-01 17:30:00+00:00,325.53,326.78,324.75,326.055,16849
2026-06-01 17:45:00+00:00,326.01,326.21,323.345,323.45,23401
2026-06-01 18:00:00+00:00,323.33,324.78,320.205,320.33,27914
2026-06-01 18:15:00+00:00,320.34,320.39,317.195,317.84,35099
2026-06-01 18:30:00+00:00,317.845,319.03,317.66,318.645,20678
2026-06-01 18:45:00+00:00,318.665,320.96,318.51,319.53,18810
2026-06-01 19:00:00+00:00,319.44,319.44,315.645,315.925,38457
2026-06-01 19:15:00+00:00,315.81,316.64,315.19,316.02,36787
2026-06-01 19:30:00+00:00,316.11,319.33,316.11,318.325,36383
2026-06-01 19:45:00+00:00,318.39,320.66,317.17,320.13,59885
2026-06-02 13:30:00+00:00,313.35,323.31,310.56,323.235,32249
2026-06-02 13:45:00+00:00,323.56,327.34,315.11,316.51,39379
2026-06-02 14:00:00+00:00,316.685,323.43,315.5,323.33,26293
2026-06-02 14:15:00+00:00,323.43,324.11,317.88,320.055,40589
2026-06-02 14:30:00+00:00,319.98,320.42,317.2,318.725,18512
2026-06-02 14:45:00+00:00,318.74,322.12,318.27,320.545,12837
2026-06-02 15:00:00+00:00,320.83,321.23,317.6,321.23,18311
2026-06-02 15:15:00+00:00,320.945,324.91,320.79,322.215,16598
2026-06-02 15:30:00+00:00,322.16,323.475,321.53,323.44,13930
2026-06-02 15:45:00+00:00,323.435,323.735,322.37,322.605,8747
2026-06-02 16:00:00+00:00,322.69,323.47,322.24,322.89,7470
2026-06-02 16:15:00+00:00,322.71,323.3,322.15,322.64,7603
2026-06-02 16:30:00+00:00,322.91,323.0,321.35,321.57,8070
2026-06-02 16:45:00+00:00,322.69,323.42,322.48,322.48,7676
2026-06-02 17:00:00+00:00,321.965,326.575,321.965,324.855,17218
2026-06-02 17:15:00+00:00,324.73,325.84,324.73,325.83,6025
2026-06-02 17:30:00+00:00,325.94,326.78,324.81,325.16,10808
2026-06-02 17:45:00+00:00,325.6,327.13,325.355,326.33,9273
2026-06-02 18:00:00+00:00,326.26,326.48,324.56,325.23,8330
2026-06-02 18:15:00+00:00,325.4,327.86,325.35,327.59,15021
2026-06-02 18:30:00+00:00,327.45,329.16,327.4,327.81,7341
2026-06-02 18:45:00+00:00,327.725,327.73,326.76,327.31,8426
2026-06-02 19:00:00+00:00,327.45,328.75,327.32,328.585,21786
2026-06-02 19:15:00+00:00,328.51,329.855,327.495,329.85,11182
2026-06-02 19:30:00+00:00,329.79,330.695,329.43,329.69,23035
2026-06-02 19:45:00+00:00,329.995,332.4,329.45,329.54,69492
2026-06-03 12:30:00+00:00,321.43,321.43,320.48,320.48,260
2026-06-03 13:30:00+00:00,316.43,317.95,306.825,307.595,42487
2026-06-03 13:45:00+00:00,307.97,308.79,304.715,306.14,44177
2026-06-03 14:00:00+00:00,305.57,310.205,304.9,309.15,44751
2026-06-03 14:15:00+00:00,309.245,310.875,308.285,308.84,14444
2026-06-03 14:30:00+00:00,308.75,308.75,307.0,307.22,9699
2026-06-03 14:45:00+00:00,307.43,308.49,306.72,307.745,8986
2026-06-03 15:00:00+00:00,307.64,308.315,307.25,307.5,8643
2026-06-03 15:15:00+00:00,307.4,308.26,307.15,307.94,6723
2026-06-03 15:30:00+00:00,308.08,308.46,304.49,304.5,11646
2026-06-03 15:45:00+00:00,304.58,304.58,302.59,304.035,20474
2026-06-03 16:00:00+00:00,304.185,305.84,303.985,305.535,5738
2026-06-03 16:15:00+00:00,305.68,306.38,305.68,305.69,3499
2026-06-03 16:30:00+00:00,305.535,305.72,304.57,305.21,7052
2026-06-03 16:45:00+00:00,306.09,306.09,304.69,304.96,7044
2026-06-03 17:00:00+00:00,304.63,305.5,304.63,304.88,3693
2026-06-03 17:15:00+00:00,304.435,307.61,304.435,307.42,6431
2026-06-03 17:30:00+00:00,307.05,308.19,306.835,307.955,5848
2026-06-03 17:45:00+00:00,308.095,309.52,307.8,308.98,6529
2026-06-03 18:00:00+00:00,308.84,309.22,308.42,308.43,3929
2026-06-03 18:15:00+00:00,308.62,308.74,307.74,308.59,5182
2026-06-03 18:30:00+00:00,308.58,308.65,307.56,307.92,8825
2026-06-03 18:45:00+00:00,308.05,308.435,307.34,307.865,10076
2026-06-03 19:00:00+00:00,307.91,307.91,307.01,307.555,10716
2026-06-03 19:15:00+00:00,307.49,307.81,307.0,307.16,13612
2026-06-03 19:30:00+00:00,307.24,310.18,307.19,309.95,21219
2026-06-03 19:45:00+00:00,310.16,310.16,305.74,305.93,56609
2026-06-03 20:00:00+00:00,305.65,305.65,305.65,305.65,100
2026-06-03 20:45:00+00:00,296.85,296.85,296.85,296.85,150
2026-06-04 12:15:00+00:00,303.14,303.14,303.14,303.14,130
2026-06-04 12:45:00+00:00,303.31,303.31,303.31,303.31,200
2026-06-04 13:30:00+00:00,307.74,309.47,301.63,307.21,26577
2026-06-04 13:45:00+00:00,307.14,310.435,305.785,309.51,40904
2026-06-04 14:00:00+00:00,309.53,310.075,306.39,306.465,28847
2026-06-04 14:15:00+00:00,306.91,307.3,303.455,304.24,13395
2026-06-04 14:30:00+00:00,304.0,305.24,303.55,305.21,15786
2026-06-04 14:45:00+00:00,305.1,306.44,303.21,304.9,11054
2026-06-04 15:00:00+00:00,305.97,306.89,305.7,306.64,9472
2026-06-04 15:15:00+00:00,306.78,307.22,305.725,306.24,10556
2026-06-04 15:30:00+00:00,306.65,307.76,306.36,306.99,9375
2026-06-04 15:45:00+00:00,306.905,306.905,304.67,304.91,7893
2026-06-04 16:00:00+00:00,304.98,305.975,304.65,305.92,5987
2026-06-04 16:15:00+00:00,305.62,305.88,302.46,302.59,13935
2026-06-04 16:30:00+00:00,303.09,303.09,300.53,302.485,13453
2026-06-04 16:45:00+00:00,302.59,302.59,301.945,302.22,8167
2026-06-04 17:00:00+00:00,302.38,302.86,301.685,302.015,8101
2026-06-04 17:15:00+00:00,301.22,301.84,300.195,301.38,11994
2026-06-04 17:30:00+00:00,301.42,302.88,301.42,302.695,10715
2026-06-04 17:45:00+00:00,302.47,303.49,301.64,302.675,9593
2026-06-04 18:00:00+00:00,302.575,303.47,302.43,302.66,11636
2026-06-04 18:15:00+00:00,302.635,302.93,302.42,302.5,7333
2026-06-04 18:30:00+00:00,302.445,302.81,301.58,301.82,9768
2026-06-04 18:45:00+00:00,301.67,302.19,301.67,302.0,8118
2026-06-04 19:00:00+00:00,301.685,302.755,301.04,302.25,20954
2026-06-04 19:15:00+00:00,302.25,303.05,302.005,302.095,18015
2026-06-04 19:30:00+00:00,302.02,302.63,301.74,302.11,21916
2026-06-04 19:45:00+00:00,302.11,302.63,300.69,301.785,66874
2026-06-05 13:30:00+00:00,301.235,301.345,291.83,291.83,35737
2026-06-05 13:45:00+00:00,291.59,292.61,288.81,288.935,48785
2026-06-05 14:00:00+00:00,289.02,289.99,288.485,289.145,44701
2026-06-05 14:15:00+00:00,289.41,290.515,287.51,287.97,25474
2026-06-05 14:30:00+00:00,288.32,289.81,287.5,288.48,16694
2026-06-05 14:45:00+00:00,288.5,289.37,288.11,288.56,23753
2026-06-05 15:00:00+00:00,288.7,289.15,286.83,287.16,16141
2026-06-05 15:15:00+00:00,287.22,287.55,286.56,287.07,14549
2026-06-05 15:30:00+00:00,286.99,287.4,285.095,285.25,13667
2026-06-05 15:45:00+00:00,285.52,285.89,285.27,285.455,6836
2026-06-05 16:00:00+00:00,285.07,285.16,284.0,284.11,13589
2026-06-05 16:15:00+00:00,284.095,284.1,283.35,283.35,14154
2026-06-05 16:30:00+00:00,283.31,283.31,282.245,282.41,16894
2026-06-05 16:45:00+00:00,282.14,283.84,281.86,283.84,20199
2026-06-05 17:00:00+00:00,283.94,283.94,282.355,282.36,10752
2026-06-05 17:15:00+00:00,282.465,283.85,282.15,283.285,12976
2026-06-05 17:30:00+00:00,283.215,284.87,283.02,283.79,17149
2026-06-05 17:45:00+00:00,284.05,285.385,284.05,285.1,6919
2026-06-05 18:00:00+00:00,285.265,285.265,283.87,283.87,22430
2026-06-05 18:15:00+00:00,283.88,283.92,283.055,283.49,19582
2026-06-05 18:30:00+00:00,283.43,283.43,282.525,282.755,19334
2026-06-05 18:45:00+00:00,282.73,283.92,282.06,283.92,10109
2026-06-05 19:00:00+00:00,283.91,283.93,282.86,282.915,19314
2026-06-05 19:15:00+00:00,282.68,283.47,282.36,283.47,17251
2026-06-05 19:30:00+00:00,283.62,283.85,283.0,283.13,25154
2026-06-05 19:45:00+00:00,283.14,286.31,283.04,284.82,88245
2026-06-08 13:30:00+00:00,286.24,290.38,283.48,284.365,16653
2026-06-08 13:45:00+00:00,284.89,285.96,284.535,285.16,8961
2026-06-08 14:00:00+00:00,285.04,286.88,285.02,285.85,18809
2026-06-08 14:15:00+00:00,285.85,286.11,284.45,285.38,9056
2026-06-08 14:30:00+00:00,285.68,285.72,284.7,284.82,5416
2026-06-08 14:45:00+00:00,284.86,285.48,284.43,285.11,3785
2026-06-08 15:00:00+00:00,285.155,285.21,284.44,284.8,6612
2026-06-08 15:15:00+00:00,284.905,285.025,283.33,283.33,5715
2026-06-08 15:30:00+00:00,283.0,283.31,282.06,282.09,29088
2026-06-08 15:45:00+00:00,282.6,282.77,281.55,281.67,6405
2026-06-08 16:00:00+00:00,281.725,281.84,281.47,281.59,7176
2026-06-08 16:15:00+00:00,281.92,282.09,281.525,281.69,6741
2026-06-08 16:30:00+00:00,281.84,281.99,280.98,281.92,4212
2026-06-08 16:45:00+00:00,282.095,282.315,281.765,281.82,7152
2026-06-08 17:00:00+00:00,281.835,281.835,280.425,280.535,8677
2026-06-08 17:15:00+00:00,280.5,280.51,279.91,280.42,2222
2026-06-08 17:30:00+00:00,280.57,280.73,280.05,280.64,4363
2026-06-08 17:45:00+00:00,280.66,281.61,280.66,280.96,4990
2026-06-08 18:00:00+00:00,281.23,281.87,281.23,281.4,1649
2026-06-08 18:15:00+00:00,281.43,282.05,281.43,281.795,2916
2026-06-08 18:30:00+00:00,281.85,281.915,281.44,281.55,3305
2026-06-08 18:45:00+00:00,281.435,282.13,281.435,281.76,7930
2026-06-08 19:00:00+00:00,281.61,281.61,281.1,281.31,2096
2026-06-08 19:15:00+00:00,280.77,280.835,280.27,280.63,3958
2026-06-08 19:30:00+00:00,280.82,281.62,280.82,281.09,9595
2026-06-08 19:45:00+00:00,280.72,281.08,279.71,280.91,40339
2026-06-09 13:30:00+00:00,281.13,281.135,277.79,280.53,18649
2026-06-09 13:45:00+00:00,280.7,282.85,280.52,282.39,27318
2026-06-09 14:00:00+00:00,281.925,281.93,280.44,280.775,22932
2026-06-09 14:15:00+00:00,280.565,283.315,279.45,281.69,41351
2026-06-09 14:30:00+00:00,281.835,283.44,281.55,282.1,36003
2026-06-09 14:45:00+00:00,281.73,281.73,278.815,281.205,16835
2026-06-09 15:00:00+00:00,281.205,281.28,278.98,280.91,14689
2026-06-09 15:15:00+00:00,281.05,281.05,277.09,277.19,15033
2026-06-09 15:30:00+00:00,277.16,277.315,276.26,276.44,11697
2026-06-09 15:45:00+00:00,276.5,277.0,274.255,274.445,7638
2026-06-09 16:00:00+00:00,274.4,275.315,273.895,273.99,6676
2026-06-09 16:15:00+00:00,273.32,273.4,272.335,273.22,4528
2026-06-09 16:30:00+00:00,272.915,273.9,271.68,272.45,12212
2026-06-09 16:45:00+00:00,272.57,273.8,272.32,273.8,12698
2026-06-09 17:00:00+00:00,274.0,275.825,274.0,275.26,7617
2026-06-09 17:15:00+00:00,275.12,276.54,274.94,275.705,7759
2026-06-09 17:30:00+00:00,275.555,277.37,275.555,277.14,8637
2026-06-09 17:45:00+00:00,277.02,277.02,276.335,276.85,4747
2026-06-09 18:00:00+00:00,276.62,277.46,276.62,277.46,6905
2026-06-09 18:15:00+00:00,277.38,278.63,277.28,278.52,6958
2026-06-09 18:30:00+00:00,278.985,278.985,277.94,277.94,6347
2026-06-09 18:45:00+00:00,277.78,278.79,277.78,278.51,7411
2026-06-09 19:00:00+00:00,278.27,278.71,277.745,277.745,8321
2026-06-09 19:15:00+00:00,277.79,277.86,277.145,277.51,9681
2026-06-09 19:30:00+00:00,277.505,277.625,276.625,277.14,14202
2026-06-09 19:45:00+00:00,277.06,278.1,276.57,277.535,60852
2026-06-10 13:30:00+00:00,273.18,278.51,271.72,278.4,11845
2026-06-10 13:45:00+00:00,278.41,280.16,278.41,279.92,6437
2026-06-10 14:00:00+00:00,279.98,279.98,278.48,278.73,6869
2026-06-10 14:15:00+00:00,279.13,280.32,279.1,279.82,4596
2026-06-10 14:30:00+00:00,279.53,279.82,279.07,279.11,5028
2026-06-10 14:45:00+00:00,278.74,279.235,278.0,278.575,6560
2026-06-10 15:00:00+00:00,278.45,279.07,276.26,276.26,8248
2026-06-10 15:15:00+00:00,276.11,276.36,275.31,276.32,6073
2026-06-10 15:30:00+00:00,276.125,276.32,275.39,275.62,3060
2026-06-10 15:45:00+00:00,276.27,276.27,274.47,276.15,4683
2026-06-10 16:00:00+00:00,276.02,276.03,275.5,275.58,2683
2026-06-10 16:15:00+00:00,275.72,275.83,275.67,275.79,1970
2026-06-10 16:30:00+00:00,275.65,276.22,275.26,275.59,1889
2026-06-10 16:45:00+00:00,275.425,275.51,275.18,275.18,1031
2026-06-10 17:00:00+00:00,275.55,275.55,274.53,274.88,1430
2026-06-10 17:15:00+00:00,274.69,274.98,274.49,274.75,1811
2026-06-10 17:30:00+00:00,274.63,274.63,273.925,274.01,5276
2026-06-10 17:45:00+00:00,274.08,275.03,274.08,274.895,4625
2026-06-10 18:00:00+00:00,274.96,275.71,274.87,275.71,5904
2026-06-10 18:15:00+00:00,276.15,276.15,274.78,274.78,3329
2026-06-10 18:30:00+00:00,274.6,274.6,274.26,274.29,1248
2026-06-10 18:45:00+00:00,274.03,274.575,274.02,274.57,6069
2026-06-10 19:00:00+00:00,274.45,274.45,273.71,273.815,6481
2026-06-10 19:15:00+00:00,273.56,273.56,272.91,273.045,3280
2026-06-10 19:30:00+00:00,273.02,273.925,272.85,273.82,7002
2026-06-10 19:45:00+00:00,273.66,274.0,272.46,272.72,26734
2026-06-11 13:30:00+00:00,267.02,272.03,267.02,271.455,8547
2026-06-11 13:45:00+00:00,271.365,274.54,271.01,273.02,7697
2026-06-11 14:00:00+00:00,273.985,275.28,271.09,271.09,6407
2026-06-11 14:15:00+00:00,271.35,272.61,270.21,272.35,5526
2026-06-11 14:30:00+00:00,272.41,273.395,271.58,272.245,4074
2026-06-11 14:45:00+00:00,272.22,272.22,270.22,270.3,3912
2026-06-11 15:00:00+00:00,269.92,271.37,269.085,271.24,2942
2026-06-11 15:15:00+00:00,271.41,273.04,271.41,272.505,6758
2026-06-11 15:30:00+00:00,272.15,273.055,271.87,272.21,2494
2026-06-11 15:45:00+00:00,272.26,273.22,272.13,272.47,4740
2026-06-11 16:00:00+00:00,272.75,272.995,272.005,272.92,1634
2026-06-11 16:15:00+00:00,272.8,272.92,272.29,272.29,3149
2026-06-11 16:30:00+00:00,273.05,273.05,272.78,272.78,299
2026-06-11 16:45:00+00:00,272.415,272.415,271.73,272.0,2362
2026-06-11 17:00:00+00:00,272.16,272.16,272.16,272.16,205
2026-06-11 17:15:00+00:00,271.62,274.865,271.62,274.865,3424
2026-06-11 17:30:00+00:00,275.5,276.43,274.635,276.39,9422
2026-06-11 17:45:00+00:00,275.69,276.035,275.245,275.78,7064
2026-06-11 18:00:00+00:00,275.76,275.77,274.48,274.865,5306
2026-06-11 18:15:00+00:00,275.04,275.77,274.77,275.32,6180
2026-06-11 18:30:00+00:00,275.095,275.45,274.875,275.28,3051
2026-06-11 18:45:00+00:00,275.35,275.35,275.0,275.0,1469
2026-06-11 19:00:00+00:00,275.35,275.35,274.65,274.72,2175
2026-06-11 19:15:00+00:00,274.765,275.31,274.575,275.075,8249
2026-06-11 19:30:00+00:00,275.55,276.09,275.53,275.65,12345
2026-06-11 19:45:00+00:00,275.845,276.28,274.68,274.845,33950
2026-06-12 13:30:00+00:00,277.3,277.3,267.86,267.86,13921
2026-06-12 13:45:00+00:00,268.4,269.81,268.02,269.6,11457
2026-06-12 14:00:00+00:00,269.33,271.505,269.33,271.31,6476
2026-06-12 14:15:00+00:00,271.42,271.81,270.22,271.55,8653
2026-06-12 14:30:00+00:00,271.5,272.86,271.5,272.125,6280
2026-06-12 14:45:00+00:00,272.025,273.25,271.36,273.25,4606
2026-06-12 15:00:00+00:00,273.34,274.63,273.34,274.46,5503
2026-06-12 15:15:00+00:00,274.86,274.96,274.33,274.43,4661
2026-06-12 15:30:00+00:00,274.34,274.62,273.67,273.67,6814
2026-06-12 15:45:00+00:00,273.53,273.53,271.34,271.34,3553
2026-06-12 16:00:00+00:00,271.45,273.33,270.97,273.33,6586
2026-06-12 16:15:00+00:00,273.0,273.0,271.99,272.58,3520
2026-06-12 16:30:00+00:00,272.575,272.615,272.22,272.48,2365
2026-06-12 16:45:00+00:00,272.71,273.165,272.55,272.73,3823
2026-06-12 17:00:00+00:00,272.74,273.65,272.74,273.05,3034
2026-06-12 17:15:00+00:00,272.94,273.29,272.94,272.975,1704
2026-06-12 17:30:00+00:00,272.98,272.98,272.53,272.53,1236
2026-06-12 17:45:00+00:00,272.61,272.63,271.98,271.98,1216
2026-06-12 18:00:00+00:00,272.155,272.155,271.68,272.0,3023
2026-06-12 18:15:00+00:00,271.875,272.23,271.81,272.23,2227
2026-06-12 18:30:00+00:00,272.245,272.245,271.745,272.0,1561
2026-06-12 18:45:00+00:00,271.91,271.91,271.14,271.14,2425
2026-06-12 19:00:00+00:00,271.095,271.95,271.0,271.95,3320
2026-06-12 19:15:00+00:00,271.87,272.42,271.87,272.33,1956
2026-06-12 19:30:00+00:00,272.32,272.715,272.06,272.51,5169
2026-06-12 19:45:00+00:00,272.45,273.35,271.475,272.19,22233
2026-06-15 13:30:00+00:00,269.44,271.34,265.16,270.83,32572
2026-06-15 13:45:00+00:00,270.42,270.76,266.67,267.21,13934
2026-06-15 14:00:00+00:00,267.45,267.5,264.875,265.895,28743
2026-06-15 14:15:00+00:00,265.93,267.465,265.475,267.085,13982
2026-06-15 14:30:00+00:00,267.63,268.07,266.54,268.055,6932
2026-06-15 14:45:00+00:00,268.125,269.11,267.395,269.11,7444
2026-06-15 15:00:00+00:00,268.91,269.395,268.74,268.88,5755
2026-06-15 15:15:00+00:00,269.03,269.075,268.08,268.52,11799
2026-06-15 15:30:00+00:00,268.5,269.085,268.5,268.61,5057
2026-06-15 15:45:00+00:00,268.54,269.38,268.54,268.72,3618
2026-06-15 16:00:00+00:00,268.72,269.05,268.23,268.575,5655
2026-06-15 16:15:00+00:00,268.76,269.33,268.625,269.25,5053
2026-06-15 16:30:00+00:00,269.34,269.635,268.58,268.58,5624
2026-06-15 16:45:00+00:00,268.69,268.7,267.87,268.0,3457
2026-06-15 17:00:00+00:00,268.125,268.365,268.05,268.365,3228
2026-06-15 17:15:00+00:00,268.145,268.85,267.76,268.78,7415
2026-06-15 17:30:00+00:00,268.845,268.845,268.18,268.265,4897
2026-06-15 17:45:00+00:00,268.18,268.18,267.58,267.595,3905
2026-06-15 18:00:00+00:00,267.62,267.62,266.73,266.95,7165
2026-06-15 18:15:00+00:00,267.17,267.17,266.66,266.925,5716
2026-06-15 18:30:00+00:00,266.98,267.23,266.76,267.08,6891
2026-06-15 18:45:00+00:00,267.18,267.18,266.73,266.82,3282
2026-06-15 19:00:00+00:00,266.835,267.01,266.4,266.89,5943
2026-06-15 19:15:00+00:00,267.18,267.51,266.66,267.44,5653
2026-06-15 19:30:00+00:00,267.27,267.765,267.26,267.585,9636
2026-06-15 19:45:00+00:00,267.65,268.71,267.51,268.69,35945
2026-06-16 13:30:00+00:00,271.01,274.07,268.75,274.07,9271
2026-06-16 13:45:00+00:00,274.16,276.55,274.05,276.0,19316
2026-06-16 14:00:00+00:00,275.78,275.99,273.455,273.455,4672
2026-06-16 14:15:00+00:00,273.15,273.3,270.54,270.57,3742
2026-06-16 14:30:00+00:00,270.87,270.89,270.07,270.76,3656
2026-06-16 14:45:00+00:00,270.59,270.83,269.87,270.07,2817
2026-06-16 15:00:00+00:00,270.01,270.38,269.655,270.36,5058
2026-06-16 15:15:00+00:00,270.38,270.6,270.03,270.39,2661
2026-06-16 15:30:00+00:00,270.28,270.46,269.71,269.97,5107
2026-06-16 15:45:00+00:00,269.515,270.27,269.31,270.08,5872
2026-06-16 16:00:00+00:00,270.22,270.22,269.98,269.99,880
2026-06-16 16:15:00+00:00,270.1,270.52,270.07,270.52,1740
2026-06-16 16:30:00+00:00,270.86,270.86,270.66,270.66,465
2026-06-16 16:45:00+00:00,270.62,270.73,270.305,270.73,3154
2026-06-16 17:00:00+00:00,270.28,270.28,270.28,270.28,128
2026-06-16 17:15:00+00:00,270.48,270.515,270.36,270.41,533
2026-06-16 17:30:00+00:00,270.475,270.7,270.23,270.7,851
2026-06-16 17:45:00+00:00,270.7,271.16,270.495,270.58,2127
2026-06-16 18:00:00+00:00,270.58,270.85,270.58,270.84,482
2026-06-16 18:15:00+00:00,271.1,271.1,270.98,270.98,209
2026-06-16 18:30:00+00:00,271.1,271.55,271.04,271.51,4107
2026-06-16 18:45:00+00:00,271.7,271.92,271.7,271.76,1400
2026-06-16 19:00:00+00:00,271.67,271.67,270.375,270.41,3605
2026-06-16 19:15:00+00:00,270.105,270.61,269.7,270.4,6290
2026-06-16 19:30:00+00:00,270.62,270.8,270.09,270.62,4852
2026-06-16 19:45:00+00:00,270.71,270.75,269.82,270.75,15115
2026-06-17 13:30:00+00:00,266.08,267.14,263.845,267.025,7983
2026-06-17 13:45:00+00:00,267.19,268.26,266.9,267.73,6448
2026-06-17 14:00:00+00:00,266.98,267.52,265.69,266.47,3631
2026-06-17 14:15:00+00:00,266.195,266.85,265.34,265.63,3022
2026-06-17 14:30:00+00:00,265.83,266.075,263.81,264.27,8159
2026-06-17 14:45:00+00:00,264.56,264.56,263.73,264.15,2471
2026-06-17 15:00:00+00:00,263.9,264.9,263.715,264.9,3050
2026-06-17 15:15:00+00:00,265.06,265.655,264.87,265.655,1708
2026-06-17 15:30:00+00:00,266.0,267.34,265.84,266.51,3074
2026-06-17 15:45:00+00:00,266.435,266.845,266.38,266.845,2517
2026-06-17 16:00:00+00:00,266.965,268.03,266.96,268.03,1015
2026-06-17 16:15:00+00:00,267.59,267.95,267.59,267.95,539
2026-06-17 16:30:00+00:00,267.71,267.715,267.61,267.61,536
2026-06-17 16:45:00+00:00,267.595,268.7,267.595,268.235,1735
2026-06-17 17:00:00+00:00,267.84,268.85,267.84,268.57,2911
2026-06-17 17:15:00+00:00,268.505,268.51,267.7,267.73,3458
2026-06-17 17:30:00+00:00,267.71,267.74,267.48,267.53,1330
2026-06-17 17:45:00+00:00,267.54,267.61,267.28,267.28,867
2026-06-17 18:00:00+00:00,266.505,266.505,264.48,265.51,4456
2026-06-17 18:15:00+00:00,266.4,266.4,265.845,265.9,690
2026-06-17 18:30:00+00:00,266.25,266.705,265.71,266.66,3244
2026-06-17 18:45:00+00:00,266.35,266.43,265.23,265.23,3411
2026-06-17 19:00:00+00:00,265.42,265.55,264.62,264.86,2492
2026-06-17 19:15:00+00:00,265.135,265.135,263.375,263.785,5573
2026-06-17 19:30:00+00:00,263.34,263.53,262.085,262.285,7234
2026-06-17 19:45:00+00:00,262.49,263.14,261.9,262.26,36378
2026-06-18 13:30:00+00:00,249.13,250.91,247.22,247.23,49584
2026-06-18 13:45:00+00:00,247.365,248.15,243.755,245.33,48336
2026-06-18 14:00:00+00:00,245.53,246.055,245.1,245.64,14525
2026-06-18 14:15:00+00:00,245.92,247.0,244.965,245.855,14192
2026-06-18 14:30:00+00:00,245.835,248.285,245.365,246.97,12700
2026-06-18 14:45:00+00:00,246.95,247.56,246.735,247.45,11345
2026-06-18 15:00:00+00:00,247.16,247.92,246.43,247.46,9471
2026-06-18 15:15:00+00:00,247.19,247.915,247.05,247.3,18108
2026-06-18 15:30:00+00:00,247.36,247.65,245.93,246.04,10254
2026-06-18 15:45:00+00:00,245.855,248.525,245.855,248.525,7846
2026-06-18 16:00:00+00:00,247.56,247.94,247.18,247.27,3628
2026-06-18 16:15:00+00:00,247.325,249.405,247.315,249.38,10652
2026-06-18 16:30:00+00:00,249.355,249.375,248.77,248.77,4061
2026-06-18 16:45:00+00:00,248.83,249.845,248.78,249.705,10128
2026-06-18 17:00:00+00:00,249.41,251.66,249.41,250.38,13523
2026-06-18 17:15:00+00:00,250.44,251.14,250.27,250.64,14968
2026-06-18 17:30:00+00:00,250.635,251.52,250.635,251.5,6682
2026-06-18 17:45:00+00:00,251.54,251.96,251.42,251.72,6186
2026-06-18 18:00:00+00:00,251.545,252.27,251.54,251.825,8591
2026-06-18 18:15:00+00:00,251.8,252.07,250.34,250.68,5785
2026-06-18 18:30:00+00:00,250.83,250.83,249.0,249.81,10160
2026-06-18 18:45:00+00:00,249.88,250.79,249.87,250.17,11942
2026-06-18 19:00:00+00:00,249.65,249.77,249.24,249.54,12546
2026-06-18 19:15:00+00:00,249.565,251.83,249.565,251.555,16875
2026-06-18 19:30:00+00:00,251.49,252.26,250.93,251.32,17701
2026-06-18 19:45:00+00:00,251.33,251.44,248.54,249.01,85990
2026-06-22 13:30:00+00:00,248.34,248.84,245.375,247.58,19799
2026-06-22 13:45:00+00:00,247.98,249.45,247.86,249.42,16452
2026-06-22 14:00:00+00:00,249.865,251.72,249.865,250.42,10937
2026-06-22 14:15:00+00:00,249.93,249.96,248.005,248.16,5262
2026-06-22 14:30:00+00:00,248.005,248.29,247.2,248.03,5171
2026-06-22 14:45:00+00:00,247.565,247.75,246.02,246.495,4069
2026-06-22 15:00:00+00:00,246.47,246.72,245.58,246.47,6585
2026-06-22 15:15:00+00:00,246.22,246.61,246.19,246.25,2642
2026-06-22 15:30:00+00:00,246.14,246.175,245.625,245.625,6204
2026-06-22 15:45:00+00:00,245.72,246.09,244.93,244.97,3542
2026-06-22 16:00:00+00:00,244.87,245.55,244.66,245.55,3800
2026-06-22 16:15:00+00:00,245.565,245.64,243.91,244.05,4432
2026-06-22 16:30:00+00:00,244.22,244.415,243.965,244.355,3676
2026-06-22 16:45:00+00:00,244.4,245.38,244.375,245.38,6649
2026-06-22 17:00:00+00:00,245.455,245.885,245.345,245.445,8003
2026-06-22 17:15:00+00:00,246.27,246.99,246.145,246.185,6147
2026-06-22 17:30:00+00:00,245.48,245.7,244.95,245.14,3607
2026-06-22 17:45:00+00:00,245.13,245.68,245.13,245.625,4496
2026-06-22 18:00:00+00:00,245.65,246.38,245.34,246.38,6318
2026-06-22 18:15:00+00:00,246.39,247.02,246.29,246.85,5395
2026-06-22 18:30:00+00:00,247.0,247.195,246.59,246.65,6130
2026-06-22 18:45:00+00:00,246.54,246.8,245.605,245.605,14189
2026-06-22 19:00:00+00:00,245.605,246.73,245.605,246.64,7015
2026-06-22 19:15:00+00:00,246.53,248.35,246.53,248.14,13633
2026-06-22 19:30:00+00:00,248.145,249.15,248.0,248.35,22719
2026-06-22 19:45:00+00:00,247.66,253.29,247.66,252.68,88006
2026-06-23 13:30:00+00:00,261.59,263.045,255.61,261.805,70334
2026-06-23 13:45:00+00:00,261.565,264.56,261.05,264.45,35985
2026-06-23 14:00:00+00:00,264.325,266.29,261.66,262.325,31168
2026-06-23 14:15:00+00:00,262.16,263.68,261.83,263.305,34201
2026-06-23 14:30:00+00:00,263.55,263.63,262.605,262.785,13479
2026-06-23 14:45:00+00:00,262.9,264.085,262.565,263.565,19761
2026-06-23 15:00:00+00:00,263.59,267.28,263.57,266.76,51282
2026-06-23 15:15:00+00:00,267.04,267.435,262.96,263.905,21920
2026-06-23 15:30:00+00:00,264.07,265.01,263.25,263.465,13188
2026-06-23 15:45:00+00:00,263.66,264.83,263.59,264.83,18032
2026-06-23 16:00:00+00:00,264.74,265.46,264.21,265.14,10223
2026-06-23 16:15:00+00:00,265.01,265.32,264.57,265.145,6121
2026-06-23 16:30:00+00:00,265.335,266.07,265.005,265.005,6298
2026-06-23 16:45:00+00:00,265.04,265.795,264.74,265.45,7265
2026-06-23 17:00:00+00:00,265.39,266.1,265.3,265.87,8182
2026-06-23 17:15:00+00:00,265.83,266.27,265.725,265.84,7780
2026-06-23 17:30:00+00:00,265.915,266.2,265.31,265.46,5463
2026-06-23 17:45:00+00:00,264.55,264.85,263.09,263.44,25640
2026-06-23 18:00:00+00:00,263.545,264.29,262.96,264.05,11397
2026-06-23 18:15:00+00:00,264.16,265.585,263.45,264.23,24508
2026-06-23 18:30:00+00:00,264.135,264.78,261.02,261.02,13832
2026-06-23 18:45:00+00:00,260.98,262.625,260.98,262.625,14796
2026-06-23 19:00:00+00:00,262.545,263.71,262.43,262.67,13318
2026-06-23 19:15:00+00:00,262.805,263.535,262.5,263.52,17387
2026-06-23 19:30:00+00:00,263.48,264.165,262.41,264.04,25609
2026-06-23 19:45:00+00:00,264.135,265.08,263.26,264.955,96063
2026-06-24 13:30:00+00:00,261.19,261.19,256.8,259.3,21136
2026-06-24 13:45:00+00:00,260.125,261.105,256.805,257.055,13240
2026-06-24 14:00:00+00:00,257.0,262.095,256.22,262.095,21765
2026-06-24 14:15:00+00:00,262.4,262.725,259.65,262.725,13995
2026-06-24 14:30:00+00:00,262.78,263.665,261.0,262.415,8548
2026-06-24 14:45:00+00:00,262.08,263.05,261.93,263.05,8555
2026-06-24 15:00:00+00:00,262.83,263.245,262.56,262.88,5285
2026-06-24 15:15:00+00:00,263.24,263.71,262.67,262.67,5535
2026-06-24 15:30:00+00:00,262.765,262.765,261.82,261.9,2752
2026-06-24 15:45:00+00:00,261.8,262.27,261.35,262.075,3239
2026-06-24 16:00:00+00:00,261.925,262.64,261.37,262.43,4433
2026-06-24 16:15:00+00:00,262.49,263.22,262.43,262.9,4160
2026-06-24 16:30:00+00:00,262.93,263.145,262.43,263.145,4716
2026-06-24 16:45:00+00:00,262.94,263.815,262.94,263.41,5416
2026-06-24 17:00:00+00:00,263.15,263.45,261.92,262.415,3367
2026-06-24 17:15:00+00:00,262.575,262.575,261.425,262.1,11235
2026-06-24 17:30:00+00:00,262.33,263.425,262.24,263.035,29009
2026-06-24 17:45:00+00:00,262.81,263.26,262.44,262.53,8269
2026-06-24 18:00:00+00:00,262.54,263.61,262.54,263.61,8697
2026-06-24 18:15:00+00:00,263.5,264.97,263.45,264.87,13859
2026-06-24 18:30:00+00:00,264.96,264.96,263.7,263.945,7818
2026-06-24 18:45:00+00:00,263.84,264.01,262.84,263.58,8112
2026-06-24 19:00:00+00:00,263.6,264.045,263.155,263.705,13447
2026-06-24 19:15:00+00:00,263.705,264.085,263.335,263.99,15793
2026-06-24 19:30:00+00:00,263.65,263.87,262.62,262.685,27397
2026-06-24 19:45:00+00:00,262.72,263.73,261.88,262.97,83160
2026-06-25 13:30:00+00:00,266.255,266.96,260.78,261.99,20243
2026-06-25 13:45:00+00:00,261.69,262.24,257.3,260.45,11496
2026-06-25 14:00:00+00:00,261.015,262.64,260.29,261.91,9081
2026-06-25 14:15:00+00:00,262.785,265.3,261.97,264.765,13558
2026-06-25 14:30:00+00:00,265.35,265.72,262.725,262.795,12494
2026-06-25 14:45:00+00:00,262.94,263.43,261.89,262.125,8988
2026-06-25 15:00:00+00:00,261.87,262.4,258.995,259.27,8120
2026-06-25 15:15:00+00:00,258.61,260.59,258.61,260.42,8268
2026-06-25 15:30:00+00:00,260.49,261.09,260.14,260.7,8504
2026-06-25 15:45:00+00:00,260.7,261.36,260.05,260.445,4927
2026-06-25 16:00:00+00:00,260.56,261.59,260.305,261.31,5809
2026-06-25 16:15:00+00:00,261.195,261.195,260.08,260.395,7954
2026-06-25 16:30:00+00:00,260.4,260.4,259.615,259.715,6934
2026-06-25 16:45:00+00:00,259.93,260.26,259.58,259.91,7579
2026-06-25 17:00:00+00:00,259.8,259.87,258.7,258.97,6094
2026-06-25 17:15:00+00:00,259.035,259.035,258.08,258.23,7309
2026-06-25 17:30:00+00:00,258.3,258.35,256.975,257.03,6939
2026-06-25 17:45:00+00:00,256.655,257.695,256.205,257.645,11038
2026-06-25 18:00:00+00:00,257.88,258.13,256.39,257.165,10018
2026-06-25 18:15:00+00:00,257.205,259.815,257.2,259.815,7204
2026-06-25 18:30:00+00:00,259.36,259.44,258.695,259.09,6176
2026-06-25 18:45:00+00:00,258.39,258.6,257.965,258.595,6759
2026-06-25 19:00:00+00:00,258.42,258.42,258.08,258.27,5992
2026-06-25 19:15:00+00:00,258.27,258.27,257.375,257.755,10137
2026-06-25 19:30:00+00:00,257.6,258.45,257.185,257.81,15009
2026-06-25 19:45:00+00:00,257.465,258.59,257.435,258.24,35024
2026-06-26 13:30:00+00:00,259.94,266.57,259.365,266.055,31441
2026-06-26 13:45:00+00:00,265.61,267.95,264.69,265.63,14301
2026-06-26 14:00:00+00:00,265.945,267.775,265.185,267.4,16143
2026-06-26 14:15:00+00:00,267.125,268.23,267.125,267.57,6839
2026-06-26 14:30:00+00:00,267.66,268.97,267.6,268.765,8650
2026-06-26 14:45:00+00:00,268.68,269.225,268.0,269.225,7776
2026-06-26 15:00:00+00:00,269.22,269.7,268.74,269.25,6717
2026-06-26 15:15:00+00:00,268.72,270.875,268.51,270.67,6179
2026-06-26 15:30:00+00:00,271.155,272.98,271.13,272.89,20764
2026-06-26 15:45:00+00:00,273.035,273.035,271.555,271.65,11254
2026-06-26 16:00:00+00:00,271.77,272.23,270.44,271.3,9746
2026-06-26 16:15:00+00:00,271.23,271.23,270.305,270.43,7095
2026-06-26 16:30:00+00:00,270.38,271.145,270.38,270.905,3604
2026-06-26 16:45:00+00:00,270.39,270.975,270.3,270.955,11690
2026-06-26 17:00:00+00:00,270.925,271.085,269.93,270.03,10347
2026-06-26 17:15:00+00:00,270.045,270.69,269.78,270.6,7902
2026-06-26 17:30:00+00:00,270.83,270.85,269.82,270.015,5380
2026-06-26 17:45:00+00:00,270.04,270.335,269.655,269.655,4990
2026-06-26 18:00:00+00:00,269.645,270.675,269.635,269.875,8876
2026-06-26 18:15:00+00:00,269.93,269.98,269.63,269.815,6392
2026-06-26 18:30:00+00:00,269.79,269.945,269.595,269.84,9705
2026-06-26 18:45:00+00:00,269.46,269.91,269.27,269.745,10424
2026-06-26 19:00:00+00:00,269.755,270.32,269.75,270.32,8668
2026-06-26 19:15:00+00:00,270.23,270.275,269.585,269.905,4088
2026-06-26 19:30:00+00:00,269.42,270.7,269.42,270.4,8685
2026-06-26 19:45:00+00:00,270.26,271.8,270.025,271.41,59940
2026-06-29 13:30:00+00:00,274.58,274.795,270.06,271.3,9486
2026-06-29 13:45:00+00:00,271.51,273.11,269.64,272.44,9281
2026-06-29 14:00:00+00:00,272.58,272.58,269.19,269.855,7987
2026-06-29 14:15:00+00:00,269.22,272.93,269.22,272.93,6504
2026-06-29 14:30:00+00:00,273.355,275.47,273.26,275.18,8911
2026-06-29 14:45:00+00:00,274.94,277.82,274.785,277.7,8216
2026-06-29 15:00:00+00:00,277.66,277.66,275.475,276.465,5385
2026-06-29 15:15:00+00:00,275.955,276.03,274.6,275.73,2510
2026-06-29 15:30:00+00:00,275.74,275.74,274.26,274.705,4650
2026-06-29 15:45:00+00:00,274.65,274.65,273.705,273.705,1736
2026-06-29 16:00:00+00:00,273.885,275.595,273.885,274.69,5242
2026-06-29 16:15:00+00:00,274.71,275.71,274.45,275.71,2436
2026-06-29 16:30:00+00:00,275.86,276.38,275.685,275.7,4328
2026-06-29 16:45:00+00:00,275.71,276.36,275.47,275.83,3630
2026-06-29 17:00:00+00:00,276.21,276.8,276.12,276.67,5812
2026-06-29 17:15:00+00:00,276.795,276.805,276.065,276.32,3176
2026-06-29 17:30:00+00:00,276.2,276.575,276.2,276.465,3101
2026-06-29 17:45:00+00:00,276.07,276.63,276.07,276.45,2159
2026-06-29 18:00:00+00:00,276.44,277.09,276.44,277.0,3966
2026-06-29 18:15:00+00:00,277.25,277.5,276.66,276.94,5402
2026-06-29 18:30:00+00:00,277.16,277.82,276.93,277.515,5908
2026-06-29 18:45:00+00:00,277.535,277.585,277.23,277.46,5029
2026-06-29 19:00:00+00:00,277.465,277.9,277.345,277.83,4430
2026-06-29 19:15:00+00:00,277.46,278.11,277.36,277.85,4967
2026-06-29 19:30:00+00:00,277.61,277.875,277.165,277.165,5218
2026-06-29 19:45:00+00:00,277.605,278.09,276.51,277.91,17698
2026-06-30 13:30:00+00:00,272.1,274.8,271.45,274.13,13587
2026-06-30 13:45:00+00:00,273.91,276.165,273.55,275.775,8532
2026-06-30 14:00:00+00:00,275.73,276.895,274.94,276.215,8489
2026-06-30 14:15:00+00:00,276.19,278.78,276.035,278.78,6849
2026-06-30 14:30:00+00:00,278.91,279.52,277.335,277.335,13243
2026-06-30 14:45:00+00:00,277.47,277.51,275.445,275.685,8348
2026-06-30 15:00:00+00:00,275.605,276.64,275.435,275.845,16833
2026-06-30 15:15:00+00:00,275.9,278.64,275.9,278.52,11446
2026-06-30 15:30:00+00:00,278.705,278.705,277.73,278.07,7194
2026-06-30 15:45:00+00:00,278.21,278.89,277.79,278.89,5883
2026-06-30 16:00:00+00:00,278.75,279.1,278.75,278.99,5516
2026-06-30 16:15:00+00:00,278.875,278.875,278.495,278.53,2521
2026-06-30 16:30:00+00:00,278.615,279.5,278.525,279.24,3131
2026-06-30 16:45:00+00:00,279.325,279.83,279.325,279.375,4768
2026-06-30 17:00:00+00:00,279.51,279.53,279.1,279.205,3202
2026-06-30 17:15:00+00:00,279.38,279.44,279.03,279.24,3005
2026-06-30 17:30:00+00:00,279.27,280.54,279.06,280.245,4845
2026-06-30 17:45:00+00:00,280.09,280.67,280.05,280.45,2341
2026-06-30 18:00:00+00:00,280.48,280.905,280.34,280.34,2503
2026-06-30 18:15:00+00:00,280.325,281.11,280.31,281.11,6235
2026-06-30 18:30:00+00:00,281.08,281.27,280.81,281.2,5907
2026-06-30 18:45:00+00:00,281.065,281.525,281.065,281.47,6780
2026-06-30 19:00:00+00:00,281.56,282.08,281.525,281.95,11993
2026-06-30 19:15:00+00:00,281.91,282.24,281.425,282.135,16558
2026-06-30 19:30:00+00:00,282.125,282.53,281.83,282.205,21142
2026-06-30 19:45:00+00:00,281.89,282.365,281.21,281.22,42852
2026-07-01 13:30:00+00:00,280.37,285.14,279.6,284.97,10722
2026-07-01 13:45:00+00:00,284.59,287.135,284.59,286.515,11337
2026-07-01 14:00:00+00:00,286.73,289.96,286.73,289.735,24474
2026-07-01 14:15:00+00:00,289.65,290.86,288.78,290.025,13313
2026-07-01 14:30:00+00:00,289.52,290.425,288.23,288.9,12490
2026-07-01 14:45:00+00:00,288.18,288.995,287.88,288.78,8980
2026-07-01 15:00:00+00:00,289.54,290.75,289.28,290.73,11533
2026-07-01 15:15:00+00:00,291.145,291.92,290.75,291.57,11723
2026-07-01 15:30:00+00:00,291.735,291.735,290.35,291.27,11007
2026-07-01 15:45:00+00:00,291.45,293.81,291.33,293.775,10017
2026-07-01 16:00:00+00:00,293.91,294.37,293.575,293.745,41127
2026-07-01 16:15:00+00:00,293.11,293.11,291.93,292.74,23494
2026-07-01 16:30:00+00:00,292.85,293.31,292.33,292.33,34273
2026-07-01 16:45:00+00:00,292.38,292.855,291.69,291.69,32060
2026-07-01 17:00:00+00:00,292.22,292.26,290.745,290.745,7973
2026-07-01 17:15:00+00:00,290.85,290.98,290.44,290.7,3726
2026-07-01 17:30:00+00:00,290.53,290.66,289.66,289.74,5042
2026-07-01 17:45:00+00:00,289.66,289.66,288.76,288.76,1876
2026-07-01 18:00:00+00:00,288.665,288.665,286.695,288.025,8897
2026-07-01 18:15:00+00:00,288.28,288.85,288.245,288.535,3116
2026-07-01 18:30:00+00:00,288.5,288.5,287.75,287.765,5345
2026-07-01 18:45:00+00:00,287.96,288.195,287.88,287.905,3464
2026-07-01 19:00:00+00:00,287.73,287.81,287.25,287.425,6461
2026-07-01 19:15:00+00:00,287.59,287.61,287.22,287.22,6405
2026-07-01 19:30:00+00:00,287.55,288.62,287.535,288.62,8103
2026-07-01 19:45:00+00:00,288.575,288.575,286.01,286.28,30024
2026-07-02 13:30:00+00:00,283.49,289.46,282.745,288.53,4449
2026-07-02 13:45:00+00:00,287.73,289.595,287.73,289.19,2730
2026-07-02 14:00:00+00:00,289.0,290.455,288.59,290.455,6336
2026-07-02 14:15:00+00:00,290.35,290.67,285.37,285.505,11302
2026-07-02 14:30:00+00:00,286.84,286.84,283.575,284.35,9480
2026-07-02 14:45:00+00:00,284.53,285.68,284.53,285.68,7516
2026-07-02 15:00:00+00:00,285.58,285.6,283.01,285.47,5501
2026-07-02 15:15:00+00:00,284.795,285.76,284.615,285.76,1319
2026-07-02 15:30:00+00:00,286.14,286.78,286.14,286.4,2966
2026-07-02 15:45:00+00:00,286.38,286.56,285.78,286.55,2527
2026-07-02 16:00:00+00:00,287.11,288.425,286.46,288.245,4805
2026-07-02 16:15:00+00:00,287.92,288.06,287.04,287.205,1787
2026-07-02 16:30:00+00:00,286.905,286.905,285.795,286.69,1591
2026-07-02 16:45:00+00:00,286.54,287.345,286.335,287.25,1672
2026-07-02 17:00:00+00:00,287.215,287.39,286.11,287.39,3732
2026-07-02 17:15:00+00:00,287.19,287.66,286.765,287.52,3967
2026-07-02 17:30:00+00:00,287.535,287.7,287.0,287.45,4053
2026-07-02 17:45:00+00:00,286.425,286.425,284.615,285.62,7367
2026-07-02 18:00:00+00:00,285.62,287.48,285.53,287.37,10137
2026-07-02 18:15:00+00:00,287.305,287.97,286.93,287.97,3062
2026-07-02 18:30:00+00:00,287.795,287.91,287.205,287.6,3518
2026-07-02 18:45:00+00:00,286.89,287.225,286.58,287.19,5430
2026-07-02 19:00:00+00:00,287.08,287.715,286.74,287.715,3252
2026-07-02 19:15:00+00:00,287.755,287.94,287.33,287.78,1987
2026-07-02 19:30:00+00:00,287.67,288.36,287.525,288.29,7441
2026-07-02 19:45:00+00:00,288.25,289.25,288.075,289.22,24269
2026-07-06 13:30:00+00:00,288.205,292.42,288.205,292.4,31452
2026-07-06 13:45:00+00:00,292.61,296.26,292.51,295.35,11699
2026-07-06 14:00:00+00:00,295.81,296.425,294.23,295.91,31461
2026-07-06 14:15:00+00:00,295.91,297.1,295.58,296.79,7821
2026-07-06 14:30:00+00:00,297.135,298.05,295.77,295.77,12682
2026-07-06 14:45:00+00:00,295.5,296.895,295.5,296.51,8055
2026-07-06 15:00:00+00:00,297.25,297.25,296.59,296.8,6809
2026-07-06 15:15:00+00:00,297.255,299.02,296.42,299.0,9317
2026-07-06 15:30:00+00:00,299.25,299.8,298.555,299.51,16799
2026-07-06 15:45:00+00:00,299.58,300.645,299.495,299.88,39143
2026-07-06 16:00:00+00:00,299.805,300.09,298.53,298.79,12528
2026-07-06 16:15:00+00:00,298.95,299.065,298.02,298.585,7203
2026-07-06 16:30:00+00:00,298.45,298.97,298.205,298.87,8069
2026-07-06 16:45:00+00:00,298.85,299.285,298.78,299.25,5454
2026-07-06 17:00:00+00:00,299.13,300.11,299.125,300.11,2456
2026-07-06 17:15:00+00:00,300.3,300.3,299.57,299.845,5579
2026-07-06 17:30:00+00:00,299.52,299.52,298.36,298.37,4962
2026-07-06 17:45:00+00:00,298.505,298.505,297.605,297.63,3020
2026-07-06 18:00:00+00:00,297.91,298.18,297.78,298.11,4732
2026-07-06 18:15:00+00:00,298.12,298.87,297.96,298.695,3603
2026-07-06 18:30:00+00:00,298.9,298.9,298.555,298.75,1876
2026-07-06 18:45:00+00:00,299.01,299.185,298.86,298.86,2356
2026-07-06 19:00:00+00:00,299.175,299.68,299.035,299.035,3350
2026-07-06 19:15:00+00:00,299.09,300.465,299.09,300.405,5298
2026-07-06 19:30:00+00:00,299.765,300.49,299.57,300.12,8603
2026-07-06 19:45:00+00:00,300.155,300.3,298.965,299.49,54519
2026-07-07 13:30:00+00:00,305.83,308.0,302.17,302.56,19848
2026-07-07 13:45:00+00:00,302.18,303.98,300.685,301.98,17817
2026-07-07 14:00:00+00:00,301.64,303.47,301.08,301.08,10146
2026-07-07 14:15:00+00:00,301.12,303.84,300.96,303.48,14600
2026-07-07 14:30:00+00:00,303.465,303.79,302.365,303.335,12015
2026-07-07 14:45:00+00:00,303.51,305.46,303.51,305.43,14056
2026-07-07 15:00:00+00:00,305.34,308.26,305.19,306.27,22552
2026-07-07 15:15:00+00:00,305.995,307.52,305.79,307.52,8034
2026-07-07 15:30:00+00:00,307.81,309.59,307.68,309.38,17491
2026-07-07 15:45:00+00:00,309.56,310.83,309.56,310.54,18032
2026-07-07 16:00:00+00:00,310.73,311.61,310.54,310.54,10385
2026-07-07 16:15:00+00:00,310.5,310.99,310.29,310.57,8188
2026-07-07 16:30:00+00:00,310.665,311.405,310.165,311.01,5073
2026-07-07 16:45:00+00:00,310.85,311.01,310.22,310.415,6710
2026-07-07 17:00:00+00:00,310.77,311.075,309.83,310.07,9408
2026-07-07 17:15:00+00:00,310.18,311.56,309.28,311.37,4027
2026-07-07 17:30:00+00:00,311.52,311.555,310.415,310.63,7121
2026-07-07 17:45:00+00:00,310.75,311.14,310.235,311.1,3917
2026-07-07 18:00:00+00:00,311.19,311.725,310.255,310.98,6933
2026-07-07 18:15:00+00:00,311.035,311.36,310.86,310.86,3975
2026-07-07 18:30:00+00:00,310.9,310.965,310.355,310.7,3740
2026-07-07 18:45:00+00:00,309.85,311.085,309.85,310.68,7872
2026-07-07 19:00:00+00:00,310.5,310.53,309.29,309.47,3129
2026-07-07 19:15:00+00:00,309.22,309.315,308.72,309.08,8730
2026-07-07 19:30:00+00:00,309.04,309.04,307.65,307.65,12612
2026-07-07 19:45:00+00:00,307.68,308.19,305.88,306.08,41888
2026-07-08 13:30:00+00:00,299.58,301.48,296.05,300.8,25027
2026-07-08 13:45:00+00:00,300.67,301.65,297.98,299.19,10606
2026-07-08 14:00:00+00:00,299.77,301.62,299.55,301.04,13570
2026-07-08 14:15:00+00:00,300.69,303.77,300.69,302.775,10158
2026-07-08 14:30:00+00:00,302.66,302.66,301.74,302.33,6599
2026-07-08 14:45:00+00:00,301.545,301.69,300.36,301.38,9733
2026-07-08 15:00:00+00:00,301.195,302.45,300.49,301.45,3634
2026-07-08 15:15:00+00:00,300.86,301.61,299.7,300.56,4504
2026-07-08 15:30:00+00:00,300.3,301.21,300.125,300.355,3763
2026-07-08 15:45:00+00:00,300.41,300.685,300.29,300.29,966
2026-07-08 16:00:00+00:00,301.14,301.765,301.055,301.765,829
2026-07-08 16:15:00+00:00,302.09,302.31,302.0,302.31,1826
2026-07-08 16:30:00+00:00,302.6,303.18,302.6,303.18,4337
2026-07-08 16:45:00+00:00,303.14,303.14,302.395,302.61,3335
2026-07-08 17:00:00+00:00,302.35,302.36,301.285,301.61,3729
2026-07-08 17:15:00+00:00,301.68,303.175,301.675,302.76,5195
2026-07-08 17:30:00+00:00,303.49,303.49,302.5,302.5,3374
2026-07-08 17:45:00+00:00,302.26,302.53,302.26,302.38,2513
2026-07-08 18:00:00+00:00,302.08,302.3,301.89,302.3,4177
2026-07-08 18:15:00+00:00,302.155,302.23,302.04,302.07,1939
2026-07-08 18:30:00+00:00,302.12,302.52,302.085,302.43,2854
2026-07-08 18:45:00+00:00,302.58,302.82,302.18,302.23,2296
2026-07-08 19:00:00+00:00,302.085,302.175,301.41,301.41,4554
2026-07-08 19:15:00+00:00,301.785,302.365,301.785,302.05,3543
2026-07-08 19:30:00+00:00,301.935,302.84,301.935,302.685,7556
2026-07-08 19:45:00+00:00,302.61,302.61,301.24,302.02,44387
2026-07-09 13:30:00+00:00,285.22,294.62,284.77,293.91,26800
2026-07-09 13:45:00+00:00,295.0,296.27,293.675,296.27,12738
2026-07-09 14:00:00+00:00,296.5,296.98,295.8,296.28,7015
2026-07-09 14:15:00+00:00,295.54,296.03,293.91,295.855,13868
2026-07-09 14:30:00+00:00,295.41,296.36,295.09,295.31,8658
2026-07-09 14:45:00+00:00,295.36,295.86,293.51,295.18,5755
2026-07-09 15:00:00+00:00,295.615,295.75,295.11,295.11,1839
2026-07-09 15:15:00+00:00,294.98,296.355,294.98,296.0,5624
2026-07-09 15:30:00+00:00,295.81,296.645,295.54,296.1,3283
2026-07-09 15:45:00+00:00,295.915,296.355,295.88,296.12,4273
2026-07-09 16:00:00+00:00,295.92,296.38,295.19,295.26,6209
2026-07-09 16:15:00+00:00,294.835,294.94,294.24,294.6,4336
2026-07-09 16:30:00+00:00,294.44,294.715,294.33,294.63,4126
2026-07-09 16:45:00+00:00,294.705,294.705,293.39,294.05,4202
2026-07-09 17:00:00+00:00,294.02,294.44,293.865,293.945,2911
2026-07-09 17:15:00+00:00,293.515,293.78,293.08,293.445,4467
2026-07-09 17:30:00+00:00,293.76,293.76,293.27,293.415,1421
2026-07-09 17:45:00+00:00,293.715,293.91,293.49,293.845,911
2026-07-09 18:00:00+00:00,293.745,294.335,293.645,294.14,2598
2026-07-09 18:15:00+00:00,294.165,294.73,294.11,294.6,2642
2026-07-09 18:30:00+00:00,294.53,294.85,294.47,294.47,2796
2026-07-09 18:45:00+00:00,294.46,294.81,294.46,294.81,1840
2026-07-09 19:00:00+00:00,294.57,294.7,294.5,294.61,3652
2026-07-09 19:15:00+00:00,294.7,294.795,294.19,294.23,4205
2026-07-09 19:30:00+00:00,293.905,294.8,293.905,294.63,6848
2026-07-09 19:45:00+00:00,294.615,295.15,293.76,295.15,22223
2026-07-10 13:30:00+00:00,296.87,298.075,294.87,296.63,5027
2026-07-10 13:45:00+00:00,296.49,297.5,296.03,296.11,6677
2026-07-10 14:00:00+00:00,295.75,295.75,292.9,293.145,5142
2026-07-10 14:15:00+00:00,292.79,293.29,292.06,292.905,4996
2026-07-10 14:30:00+00:00,292.67,292.725,290.16,291.56,8267
2026-07-10 14:45:00+00:00,292.055,292.65,291.73,292.21,7138
2026-07-10 15:00:00+00:00,292.34,292.34,291.7,291.9,2806
2026-07-10 15:15:00+00:00,291.875,291.875,291.38,291.38,2128
2026-07-10 15:30:00+00:00,291.105,291.14,290.25,290.45,1807
2026-07-10 15:45:00+00:00,290.6,290.865,290.6,290.865,310
2026-07-10 16:00:00+00:00,290.885,290.885,289.11,289.995,2211
2026-07-10 16:15:00+00:00,290.02,290.02,289.44,289.6,599
2026-07-10 16:30:00+00:00,290.09,290.09,290.09,290.09,204
2026-07-10 16:45:00+00:00,290.25,290.25,290.07,290.15,440
2026-07-10 17:00:00+00:00,290.53,290.53,289.72,289.72,427
2026-07-10 17:15:00+00:00,289.8,289.8,289.435,289.64,2018
2026-07-10 17:30:00+00:00,289.695,289.695,289.695,289.695,239
2026-07-10 17:45:00+00:00,289.7,290.06,289.585,289.585,888
2026-07-10 18:00:00+00:00,289.365,289.52,289.21,289.24,2531
2026-07-10 18:15:00+00:00,288.85,289.23,288.755,289.22,1923
2026-07-10 18:30:00+00:00,289.32,289.32,289.06,289.06,1207
2026-07-10 18:45:00+00:00,288.9,289.16,288.665,289.16,1155
2026-07-10 19:00:00+00:00,289.38,289.66,289.25,289.66,1219
2026-07-10 19:15:00+00:00,289.43,289.43,288.68,288.68,1315
2026-07-10 19:30:00+00:00,288.595,288.595,287.86,287.95,6208
2026-07-10 19:45:00+00:00,287.96,288.63,287.535,287.535,25640
2026-07-13 13:30:00+00:00,291.72,297.0,291.16,291.76,19523
2026-07-13 13:45:00+00:00,292.1,292.1,289.285,289.76,13480
2026-07-13 14:00:00+00:00,289.8,295.64,289.8,294.82,13406
2026-07-13 14:15:00+00:00,295.4,296.165,293.8,294.07,18232
2026-07-13 14:30:00+00:00,293.77,293.77,292.84,292.91,1936
2026-07-13 14:45:00+00:00,292.465,293.68,292.23,293.68,2818
2026-07-13 15:00:00+00:00,293.7,294.0,293.52,293.61,2804
2026-07-13 15:15:00+00:00,293.825,294.57,293.785,293.785,1949
2026-07-13 15:30:00+00:00,293.79,293.79,293.01,293.21,4755
2026-07-13 15:45:00+00:00,293.0,293.37,292.76,292.76,2687
2026-07-13 16:00:00+00:00,292.81,293.075,292.53,292.97,1271
2026-07-13 16:15:00+00:00,292.83,292.84,291.41,291.41,2671
2026-07-13 16:30:00+00:00,291.28,291.9,290.985,291.89,1322
2026-07-13 16:45:00+00:00,291.85,291.85,291.29,291.29,1347
2026-07-13 17:00:00+00:00,291.125,291.66,290.99,290.99,1163
2026-07-13 17:15:00+00:00,290.615,290.615,290.16,290.3,981
2026-07-13 17:30:00+00:00,290.34,290.4,289.945,290.07,1875
2026-07-13 17:45:00+00:00,289.81,289.84,289.25,289.83,2615
2026-07-13 18:00:00+00:00,290.095,292.095,290.06,290.28,20442
2026-07-13 18:15:00+00:00,289.96,290.12,289.53,289.86,3654
2026-07-13 18:30:00+00:00,289.78,289.96,289.565,289.735,1797
2026-07-13 18:45:00+00:00,289.82,289.82,289.53,289.585,2913
2026-07-13 19:00:00+00:00,289.58,290.51,289.42,290.51,4093
2026-07-13 19:15:00+00:00,290.51,290.83,290.21,290.21,3824
2026-07-13 19:30:00+00:00,290.51,290.51,289.805,290.245,4676
2026-07-13 19:45:00+00:00,290.21,291.08,289.91,290.28,36022
2026-07-14 12:15:00+00:00,224.4,225.5,224.4,225.5,200
2026-07-14 12:30:00+00:00,224.7,224.7,224.7,224.7,341
2026-07-14 12:45:00+00:00,225.86,225.86,225.68,225.68,457
2026-07-14 13:00:00+00:00,229.07,229.2,225.87,225.87,619
2026-07-14 13:15:00+00:00,229.28,229.28,227.72,227.72,1545
2026-07-14 13:30:00+00:00,226.135,227.145,215.755,220.86,395407
2026-07-14 13:45:00+00:00,220.78,225.39,220.0,223.51,171563
2026-07-14 14:00:00+00:00,223.95,224.5,218.18,218.45,139901
2026-07-14 14:15:00+00:00,218.445,219.14,216.44,219.12,98442
2026-07-14 14:30:00+00:00,219.07,220.205,217.76,218.06,50061
2026-07-14 14:45:00+00:00,218.04,218.43,216.7,216.705,69607
2026-07-14 15:00:00+00:00,216.69,216.69,215.0,215.08,102295
2026-07-14 15:15:00+00:00,215.12,215.48,213.24,214.365,108756
2026-07-14 15:30:00+00:00,214.4,215.32,214.15,214.38,76112
2026-07-14 15:45:00+00:00,214.385,215.87,214.355,215.87,61046
2026-07-14 16:00:00+00:00,216.3,219.54,216.3,219.06,54994
2026-07-14 16:15:00+00:00,219.25,219.74,217.865,218.19,57567
2026-07-14 16:30:00+00:00,218.37,218.49,216.94,218.33,38667
2026-07-14 16:45:00+00:00,218.3,218.82,217.965,218.535,30384
2026-07-14 17:00:00+00:00,218.45,218.93,218.0,218.85,50169
2026-07-14 17:15:00+00:00,218.81,220.76,218.05,220.405,44257
2026-07-14 17:30:00+00:00,220.4,220.67,218.24,218.71,45987
2026-07-14 17:45:00+00:00,218.805,219.35,218.29,218.31,38718
2026-07-14 18:00:00+00:00,218.305,218.335,217.145,217.48,74948
2026-07-14 18:15:00+00:00,217.505,219.255,217.4,218.915,39620
2026-07-14 18:30:00+00:00,218.99,219.99,218.92,219.76,64139
2026-07-14 18:45:00+00:00,219.77,219.77,218.42,219.265,47914
2026-07-14 19:00:00+00:00,219.475,221.36,219.265,220.56,105666
2026-07-14 19:15:00+00:00,220.515,221.38,220.005,220.155,76151
2026-07-14 19:30:00+00:00,220.125,220.125,217.455,217.765,115532
2026-07-14 19:45:00+00:00,217.8,217.85,216.355,217.11,230675
2026-07-15 13:00:00+00:00,221.09,221.09,221.09,221.09,205
2026-07-15 13:30:00+00:00,220.965,223.67,220.57,221.36,84459
2026-07-15 13:45:00+00:00,221.05,221.46,218.205,219.64,49588
2026-07-15 14:00:00+00:00,219.78,221.15,219.06,219.17,35865
2026-07-15 14:15:00+00:00,219.115,219.69,216.28,217.25,70853
2026-07-15 14:30:00+00:00,217.585,217.77,215.12,215.86,35682
2026-07-15 14:45:00+00:00,215.76,216.105,215.0,215.705,42655
2026-07-15 15:00:00+00:00,215.685,216.0,214.58,214.775,36083
2026-07-15 15:15:00+00:00,214.655,215.03,214.24,214.54,26707
2026-07-15 15:30:00+00:00,214.69,215.38,214.3,215.02,27478
2026-07-15 15:45:00+00:00,215.105,215.64,214.74,214.85,21354
2026-07-15 16:00:00+00:00,214.94,214.995,214.0,214.01,32779
2026-07-15 16:15:00+00:00,214.25,215.45,212.645,213.01,43055
2026-07-15 16:30:00+00:00,213.08,213.88,211.67,212.57,31567
2026-07-15 16:45:00+00:00,212.61,213.75,212.49,213.175,15559
2026-07-15 17:00:00+00:00,213.01,213.73,212.94,213.04,27066
2026-07-15 17:15:00+00:00,213.07,213.58,212.5,212.99,19275
2026-07-15 17:30:00+00:00,213.06,213.82,212.835,213.475,20346
2026-07-15 17:45:00+00:00,213.44,213.77,213.0,213.68,20586
2026-07-15 18:00:00+00:00,213.72,214.1,213.21,213.37,18332
2026-07-15 18:15:00+00:00,213.445,213.865,212.94,213.73,10524
2026-07-15 18:30:00+00:00,213.64,213.95,212.215,212.255,24795
2026-07-15 18:45:00+00:00,212.255,212.69,211.93,212.6,31706
2026-07-15 19:00:00+00:00,212.67,213.57,212.535,213.56,27567
2026-07-15 19:15:00+00:00,213.56,213.58,212.4,213.215,28584
2026-07-15 19:30:00+00:00,213.37,213.5,212.06,212.06,40689
2026-07-15 19:45:00+00:00,212.04,212.12,211.035,211.085,127853
2026-07-16 13:30:00+00:00,208.23,208.23,204.955,205.305,100213
2026-07-16 13:45:00+00:00,204.97,205.76,204.51,204.76,30589
2026-07-16 14:00:00+00:00,204.65,206.29,204.55,205.59,39796
2026-07-16 14:15:00+00:00,205.68,207.72,205.57,207.6,38950
2026-07-16 14:30:00+00:00,207.49,208.885,207.145,208.825,28450
2026-07-16 14:45:00+00:00,208.745,209.85,208.61,209.755,47887
2026-07-16 15:00:00+00:00,209.7,211.59,209.61,211.115,42762
2026-07-16 15:15:00+00:00,211.135,213.795,211.135,213.32,26947
2026-07-16 15:30:00+00:00,213.28,213.83,212.37,212.55,28980
2026-07-16 15:45:00+00:00,212.57,213.185,212.11,213.155,35334
2026-07-16 16:00:00+00:00,213.48,214.2,212.93,213.785,18829
2026-07-16 16:15:00+00:00,213.785,214.48,213.34,214.21,23312
2026-07-16 16:30:00+00:00,214.315,216.71,214.315,216.63,31554
2026-07-16 16:45:00+00:00,216.63,218.02,215.985,217.82,32956
2026-07-16 17:00:00+00:00,217.65,218.095,216.445,217.81,31961
2026-07-16 17:15:00+00:00,217.735,218.53,217.59,218.135,26646
2026-07-16 17:30:00+00:00,218.13,218.275,217.29,217.615,26205
2026-07-16 17:45:00+00:00,217.61,217.875,217.455,217.87,18277
2026-07-16 18:00:00+00:00,217.8,219.465,217.62,219.21,23846
2026-07-16 18:15:00+00:00,219.23,219.6,219.07,219.07,26763
2026-07-16 18:30:00+00:00,219.075,219.62,218.67,219.51,36761
2026-07-16 18:45:00+00:00,219.56,219.585,219.01,219.28,30931
2026-07-16 19:00:00+00:00,219.17,219.44,218.37,218.61,38794
2026-07-16 19:15:00+00:00,218.585,218.7,217.465,217.73,46143
2026-07-16 19:30:00+00:00,217.61,218.205,217.46,217.9,45316
2026-07-16 19:45:00+00:00,217.985,219.9,217.985,219.145,158481
2026-07-17 13:30:00+00:00,215.38,216.98,213.705,214.05,30256
2026-07-17 13:45:00+00:00,214.055,215.29,213.55,215.12,20150
2026-07-17 14:00:00+00:00,215.305,215.41,213.21,214.22,21933
2026-07-17 14:15:00+00:00,214.6,215.7,214.095,214.17,25729
2026-07-17 14:30:00+00:00,213.57,214.575,213.45,214.28,9030
2026-07-17 14:45:00+00:00,213.81,214.28,213.37,213.55,11759
2026-07-17 15:00:00+00:00,213.46,214.065,211.41,211.41,13870
2026-07-17 15:15:00+00:00,211.43,211.44,210.22,210.91,15616
2026-07-17 15:30:00+00:00,210.88,212.08,210.57,211.11,16713
2026-07-17 15:45:00+00:00,210.93,211.82,210.62,211.68,19245
2026-07-17 16:00:00+00:00,211.75,211.97,211.065,211.78,17773
2026-07-17 16:15:00+00:00,211.9,212.85,211.73,212.285,9780
2026-07-17 16:30:00+00:00,212.315,213.855,212.315,213.82,8778
2026-07-17 16:45:00+00:00,213.74,214.32,213.44,213.655,8679
2026-07-17 17:00:00+00:00,213.65,214.35,213.54,214.18,5811
2026-07-17 17:15:00+00:00,213.94,214.05,213.685,213.685,6181
2026-07-17 17:30:00+00:00,213.85,214.31,212.83,212.83,11495
2026-07-17 17:45:00+00:00,212.77,212.86,211.875,212.05,13944
2026-07-17 18:00:00+00:00,211.97,212.405,211.83,212.15,5996
2026-07-17 18:15:00+00:00,212.175,212.175,211.29,211.47,7771
2026-07-17 18:30:00+00:00,211.605,211.645,211.1,211.185,7471
2026-07-17 18:45:00+00:00,211.285,211.77,211.265,211.525,8908
2026-07-17 19:00:00+00:00,211.59,211.59,210.99,211.15,14704
2026-07-17 19:15:00+00:00,211.18,211.52,211.06,211.19,17018
2026-07-17 19:30:00+00:00,211.22,212.305,211.22,211.97,25841
2026-07-17 19:45:00+00:00,211.97,212.68,211.9,212.67,100569
